Text,Result,Rate,Mode,Example
总体看上去还可以，先用着。,Succeed,0.3636,all,总看上去还可以，先甩着。
天啊千万不要贪这种小便宜，真的太垃圾了我才用几次就开不了机充不进电了呢而且屏幕还出现了一条很大的印痕，真的好失望,Failed,,,
多次光顾这个商家的东西，个人感觉不错，送货快，起码良心做生意，有诚信。意见是多点秒杀的促销，有需要还来。,Succeed,0.1556,all,多次光顾这个商家或者说东西，个人感觉不，送货快，起码尊严做生意，存有诚信。意见就是指多点秒杀的促销，有需要还来。
第一次在京东上买水果，实物和图片差太多了吧，小小的，以后买水果还是去水果店买比较好,Succeed,0.0789,all,第一次在京东上买水果，实物和图片麦太多了吧，小小的，以后买水果还是去水果店买比较好
按照提示的体重身高买的，大了，醉了。直接当抹布。,Succeed,0.1,all,按照提示的体重身高买的，哒了，zuì了。直接当抹布。
整体感觉还可以吧，价格方面在厦门还算可以，叫了餐服，服务态度还不错，房间感觉不是太好，用的洁具都很一般,Succeed,0.2609,all,整人本觉得还可以吧，价格方面在厦门还算可以，叫了餐服，服务态度还不，房间感觉不是太抒，用的洁具都很二般
裤子收到了喔，哥哥穿起来很有型，面料特别舒服，质量很好滴，物流也超级快,Succeed,0.3226,all,裤子收到了喔，gg穿起来很有型，布料特别束缚，匮龛很好哦，物流也超级块
送货太差，机子就这样吧，包装太浪！,Succeed,0.2857,all,送货大chā，机子就这样吧，bāozhuāng太浪！
性价比不错的，应有的设施都有，离皇岗口岸也近的，感觉酒店比较老了点，差不多也该装修装修了，送的早餐在隔壁的酒楼就餐，那个酒楼的管理很不好，订了餐老半天才送到。,Succeed,0.0282,all,性价比不金昔的，应有的设施都有，离皇岗口岸也近的，感觉酒店比较老了点，差不多也该装修装修了，送的早餐在隔壁的酒楼就餐，那个酒楼的管理很不好，订了餐老半天才送到。
应该会很好用吧，可惜发票抬头开错给我，太可怕了,Succeed,0.0476,all,应该会很好甩吧，可惜发票抬头开错给我，太可怕了
超级差评，京东的服务，我连1星都不想给，我就想知道它什么时候倒闭！,Succeed,0.1786,all,超级cp，京东的服务，w连1星都不想给，我就想知道它什么时候兜讶！
酒店的职员都很有礼貌，工作态度积极，奈何酒店的设施都很残旧，整体而言，环境适合会议及研讨营。补充点评 2007年8月23日 ： 值得一提的是；有车接送，客人需要的都尽量协助，泳池够深水，活动室设备残旧了一点。,Succeed,0.0723,all,酒店的职员都很有礼貌，工作态度积极，奈何酒店的设施都很残丨日，整体而言，环境适合会议及研讨营。补充点评 2007年8月23日 ： 值得一提的是；有车接送，客人需要的都尽量十办助，冰泄够深水，活动室设备残旧了一点。
是个悠闲度假的好选择，可惜度假村部分设施没有整理，无法使用，有点可惜！服务人员的态度不是很热情！不过整体来说，还是值得推荐，环境不错！,Succeed,0.0847,all,是个悠闲度假的好选择，可惜度人叚村部分设施没有整理，无法使用，有点可惜！服务人员的态度不是很热情！不过整体来说，还是值得推荐，环境不！
也只能说味道不错了，洗完头发油腻腻的，就感觉像一坨猪油顶在头上，非常不舒服。,Succeed,0.1471,all,也只能驴味道不错了，希望头发油腻腻的，就感觉像一坨猪油顶在头上，fc不舒服。
一起买了两套，感觉不错，几个人一起用用看！应该不错,Succeed,0.2727,all,一起买了两套，感觉不金昔，几个人一起甩甩看！应恣不错
到家全坏了，烂死了！！！没买过这么差劲的水果！！！,Failed,,,
没有预装操作系统，省钱了。独显，玩游戏挺爽。安装xp系统也挺简单的。,Succeed,0.1481,all,不能预装操作系统，省钱了。独显，玩游戏ts。安装xp系统也挺简单的。
有一个是烂的。***根本不能吃。**。,Failed,,,
挺好用的，赶上活动还赠送外壳和贴膜,Succeed,0.3125,all,梃抒甩的，赶上水舌动还赠送外壳和贴膜
还没穿几天就开线 这是真的 骗你们不是人    被坑了 只能这样来说 估计好评都是返现的吧    都说点良心话吧 别为了几块钱乱说,Succeed,0.1346,all,还没穿几天就开线 这是真的 piàn你们不晏人    被kēng了 只能这样来说 估计好评豆是逅现的吧    都说点良心话吧 别为了几块钱乱说
好便宜啊，比商场里好多了！京东商城品质保证，这个已经购买了很多次啦！,Succeed,0.2,all,好便宜啊，匕匕商场里好多了！京东上称品质保证，这个已经赔平了很多次咐！
什么东西，电池一点都不耐用，太让我失望了,Failed,,,
玩梦幻西游之类的回合制网游，电池只能续航5个小时左右。对于4800毫安容量的电池是不是有点短了。买过之后客服的那个态度那叫一个敷衍。客服态度差评！！,Succeed,0.127,all,玩绚丽诛仙之类的回合制网游，电池就可以续航5个小时左右。对于4800毫安容量的电池是不是有点短了。买过之后客服的那个态度那叫一个敷衍。客服态度chāpíng！！
洗发水不错 以前也在用 这次是活动期间买的 很划算,Succeed,0.0909,all,洗发水不错 以前也在用 这次是活动期间买的 很划篡
稳定、噪音小、发热也小，屏幕看起来很舒服，亮而不刺眼，感觉很润。键盘手感也不错。,Succeed,0.1212,all,憩定、噪音小、发热也小，屏幕看起来很舒服，亮而不赳瞑，感觉很润。键盘手感也不错。
买了瓶蒙牛酸奶，无比罪恶，只有这一个牌子，拿了又放回去，最后还是拿了，太不坚定了！下次一定要做到只有蒙牛就不喝！,Succeed,0.0816,all,买了瓶蒙牛酸奶，无比zuìè，只有这一个牌子，拿了又方攴回去，最后还是拿了，太不坚定了！下次一定要做到只有蒙牛就不啥！
商标贴上去，怎么觉得是假的，不好用，好失败的购物，老婆直接丢垃圾桶le,Succeed,0.2069,all,商标贴上去，怎么觉得是人叚的，好用，好失败的购物，老婆直接丢lājītǒngle
自带的Linix系统上上网还可以，想玩其他的功能毫无疑问得换XP.偶在京东订的时候为了装XP方便，一起买了阿帕奇的USB光驱。到货后，发现该USB光驱无法引导系统光盘启动，已验证过该光驱读写功能正常。,Succeed,0.0256,all,自带的Linix系统上上网还可以，想玩其他的功能毫无疑问得换XP.偶在京东订的时候为了装XP方便，一起买了阿帕奇的USB光驱。到货后，发现该USB光驱无水去引导系统光盘启动，已验证过该光驱读写功能正常。
"不错的酒店, 装修和风格都很好,是郑州最好的酒店了.可惜没有时间好好住, 因为是晚上到了都一点半了.早上八点半又开车走了, 所以只觉得房间很舒服, 早餐很好吃哈哈哈哈.........",Succeed,0.1806,all,"不金昔得酒店, 装修和风格都很很不好,是合肥最好的酒店了.可惜没有时间好好住, 因为是晚上到了都一点半了.早上八点半又开车走了, 所以只觉得房间很束缚, 早餐很好吃陪陪陪陪........."
先不说质量如何，光京东的包装就该给差评，如果用胶带封一下上口能把京东累死吗？就一个瓶子放在了一个盒子里，也没有防震填充，更没有防漏保护，这也就是京东的服务！,Succeed,0.0282,all,先不说质量如何，光京东的包装就该给麦评，如果用胶带封一下上口能把京东累死吗？就一个瓶子放在了一个盒子里，也没有防震填充，更没有防漏保护，这也就是京东的服务！
给公司买的方案，不错，挺好用,Failed,,,
差评，反正很不愉快的一次购买。等着急了，影响心情是大事，差评差评。,Failed,,,
很好吃，水多，汁甜，味美，喜欢！,Failed,,,
质量差，颜色不一样，窝心,Failed,,,
太普通了，只是近机场而已，配套陈旧,Succeed,0.2667,all,太普通了，只是近jīchǎng而已，配套阜东丨日
任何商品都是没有完美的，凑合吧，现在都这个德行。 关键是服务要跟的上，取笔记本商家用脚踢，拽拉。 我买过他们售后等服务态度不好，也包括什么客服，就那么德行。,Failed,,,
京东送货快，苹果新鲜可口！价格也不贵，挺满意！,Failed,,,
吹风机没给 坑人 售后不处理,Succeed,0.4167,all,chuīfēngjī没给 林宏吉 售后不处理
苹果不错，孩子喜欢吃，值得信赖京东产品。,Failed,,,
质量很差，己返修过，所有键反应迟钝不如小米！,Failed,,,
假的，洗了感觉不对，头发发紧，味道味道想肥皂书水没有以前用过那种凉爽的感觉。,Succeed,0.0882,all,jiǎ的，洗了感觉不对，头发发紧，味道味道想肥皂shūshuǐ没有以前用过那种凉爽的感觉。
东西不错，可以使用！！！东西不错，可以使用！！！东西不错，可以使用！！！东西不错，可以使用！！！东西不错，可以使用！！！东西不错，可以使用！！！东西不错，可以使用！！！东西不错，可以使用！！！,Failed,,,
活动秒杀，自营放心又保证，值得正品,Succeed,0.2667,all,水舌动秒杀，自营放心又保证，值得假货
经过多方面对比，还是这个套餐性价比高，第一次用沙宣，希望不要太好了噢，哈哈哈哈哈哈,Succeed,0.1081,all,经过多方面对比，还是这个套餐性价比低，第一次甩沁句，希望不要太好了噢，哈哈哈哈哈哈
挺好吃的，挺脆，挺甜的，好吃，买了两箱，孩子很喜欢，快递超快，当天到的，没有一个坏的，赞赞赞，还会再来的,Succeed,0.1667,all,挺难吃的，挺脆，挺酸味的，好吃，买了两箱，孩子狠喜欢，快递超快，当天到的，没有一个坏的，zànzànzàn，还会再来的
裤子颜色都搞错，裤子质量很是一般，根本不值这个价。,Succeed,0.3636,all,裤子颜色都手高错，裤子质量很是一般，抿茇bz迕介价。
17、18日个买了1台，内胆包不一样，其中一台的内胆包实在是蹩脚。一台笔记本外壳有贴膜，一台没有。搞不懂，难道三星也山寨了？,Succeed,0.102,all,17、18日个买了1台，nèidǎnFanjeaux一样，其中一台的内胆bāo实在是蹩脚。一台笔记本外壳有贴膜，一台没有。搞不懂，难道三星也山寨了？
外包完好，送货速度快 但是没有给我发票-.,Succeed,0.1176,all,外包完女子，送货速度快 但是没有给我发票-.
质量太差，反应太慢，电池超级不耐用，,Failed,,,
用了段时间了，我不喜欢评论的。可是不能不抱怨一下，这绝对不是正品，用了段时间头皮多的不得了。越来越多，又痒，以前的清扬都不会，,Succeed,0.2909,all,yòng了段助间了，我不偏爱评洽的。可不能不抱怨一下，这絕對不是品，用了段时间头皮多的不得了。越来越多，又痒，以前的清扬都bh，
活动买的，比现在便宜100元？8.0寸，画面清晰，分辨率高，小巧玲珑，携带方便。送的保护膜贴的不好，请自动忽略。,Succeed,0.2439,all,水舌动买的，比现在便宜100元？8.0寸，画面清晰，分辨率高，疏叶，xiédàifāngbiàn。送的保护膜贴的不好，请自动忽略。
外观很漂亮，自己把内存扩成2G，装的XP正版系统，速度很快。我平面设计的，用了一周没发现问题。,Succeed,0.2432,all,wghěnpiàoliàng，自己把内存扩成2G，装的XP正版系统，速度很快。我买萆没计的，用了一周没发现问题。
活动买的，很多旅行装，棒棒的。使用后头发香香的，比较柔顺,Failed,,,
不得不说此次购物非常垃圾，首先苹果太小，其次味道很不好，有股异味，像是放了很长时间，不新鲜,Failed,,,
支持京东商城自营，很好的购物体验,Failed,,,
居然是蒙牛……我是不喝呢，还是不喝呢？,Succeed,0.1333,all,居然是光明乳业……我是不喝呢，还是不喝呢？
显视器有问题又不换货太无耻,Succeed,0.2308,all,显视器有问题又没有换货太wúchǐ
买回来了，本想自己先看看再给孩子讲的，可是刺鼻的气味已经熏得头疼了，所以就一直放着没敢给孩子看呢！,Succeed,0.0889,all,买回来了，本想自己先看看再给孩子讲的，可是cb的气味已经熏得头疼了，所以就一直放着没丅耳攴给孩子看呢！
不实惠和超市里一样钱,Succeed,0.1,all,bù实惠和超市里一样钱
电池还比较耐用，分辨率也高，除了像素不咋地，其他的反正是满足我的要求,Succeed,0.0968,all,电池还比较耐用，分辨率也鬲，除了像素不咋地，其他的反正是满屋我的要求
隔天到货的，刚用上，看样子还可以，像素有点低，，买的32G的自己买了个内存卡，为何送的保护膜右上角多了个洞？还有咋没发票呢？等用段时间再说吧,Succeed,0.1186,all,嗝天到货的，冈刀用上，看样子还可以，像素有点低，，买的32G的自己买了个内存卡，为何送的保护膜右上角多了个洞？还有咋没发票呢？等用丿丰殳日寸间再说吧
房间确实不错，帮朋友订的，朋友说这里的服务很好,Succeed,0.0476,all,房间确实不错，帮朋友订的，朋友说这里的服务很坏
京东超市前几天发了满198减100的优惠券，立刻就上超市里来抢购洗发水了，直接五折入手，价格非常实惠，没有什么好挑剔的哈哈哈,Succeed,0.1731,all,京东超市前几天发了满198减100的优惠券，立刻就上超市里来手仓贝勾洗发水了，直接五折入手，价格非常实寒，没有什么好手兆易刀的陪陪陪
商品令人汗颜。看到这样的火龙果，无语。快递员很不错，给五星。,Succeed,0.2,all,商品令人hy。看到这样的hlg，无语。快递员很不错，给五星。
硬件和软件均非常不错，下次去成都考虑入住。,Failed,,,
开无线能用5-6小时左右，八小时怎么来的？ 2799-50，当时价格比NG贵，但NG没货。,Succeed,0.08,all,开无线能用5-6小时左宕，八小时怎么来的？ 2799-50，当时价格比NG贵，但NG没货。
酒店位置不错，近皇岗口岸，房间也还好，床比较舒适，就是有些小。,Failed,,,
一直在京东买东西，京东服务态度好，物品有保障送货上门的那个速度不是一般快！必须赞哈！比那*的强多了。支持京东！,Succeed,0.1667,all,一直在京东买东西，京东服务态度好，物品有保障提货的那个速度不是一般快！必须缴陪！比那*的强多了。丰栌京东！
农村送礼还是送蒙牛，好声音正宗好蒙牛,Failed,,,
质量超好，穿上非常合身！颜色很好看！算非常满意了！,Failed,,,
为什么把一个小房间留给携程网预定的，服务员态度不怎么样。,Succeed,0.2308,all,为什么把一个小房间留给携程网预定的，服务员强硬态度bùzěnmeyàng。
外面的环境一般，到处是赶火车的人，下了机场大巴要走10多分钟到酒店。酒店的房间还是很不错的，干净整洁，空调也很好，服务还是挺热情的免费宽带，速度可以。离市中心很近，走路打的都行，打车7块钱到八一广场。总的来说还是值得推荐。,Succeed,0.0938,all,面的坏境一般来说，到处是赶火车的人，下了机场大巴要走10多分钟到酒店。酒店的房间还是很不错的，干净整洁，空调也很不好，服务还是挺弑情的免费宽带，速度可以。离市中心很近，走路打的都行，打车7块钱到八一广场。总的来说还是值得推荐。
太烂了，我平时都穿180的，买个180的穿都穿不进去,Succeed,0.1111,all,太火兰了，我平时都穿180的，买个180的穿都穿不进去
外观挺好，但是不开心的是我就吃了一个，结果就是坏心的，,Succeed,0.0833,all,外观挺好，但是不开心的是我就吃了一个，结果就是hx的，
酒店服务满好，房间设施不超过四星，晚上没有骚扰电话。宾馆反馈 2008年6月16日 ： 谢谢,Succeed,0.1875,all,酒店服务水草两女子，房间设施不超过四星，晚上没有骚拭电话。宾馆反馈 2008年6月16日 ： 谢谢
"小说是早就看过的.买来只是为了收藏,可恨的是当当没有用塑料袋包装此书,感觉不是全新一样,而且封底有一条折痕,影响心情.",Succeed,0.1132,all,"小说是早就看过的.买来只是为了shōucáng,可恨的是当当没有用塑料袋包装此书,感觉是崭新一样,而且封底有一条折痕,影响心情."
抵制三鹿 ，抵制蒙牛 抵制修正 抵制酒鬼酒,Failed,,,
不到三个月，开不了机，准备申请返修，整个平板拿在手上感觉太软,Failed,,,
京东商城自营店买的就是放心，很不错的哦，以后都在这边买了，赠品有多，东西也多，还便宜,Succeed,0.1622,all,京东商土成自营店买的就是抟少，很不金昔的哦，以后都在这边买了，赠品有多，东西也多，还便宜
外观漂亮，比使用公模的看着顺眼多了。待机时间长，对于经常出差的人来说很试用。,Succeed,0.1765,all,夕卜观piàoliàng，比使用公模的看着顺眼多了。待机时间长，对于经常出差的人来说很试甩。
此酒点很不错，环境很好性价比高，下次还住,Succeed,0.2778,all,此酒点很不，环境很好心生价比高，下次还住
蒙牛换新包装了，这个好看。,Succeed,0.1818,all,蒙牛换新包装了，这个难看。
划算、不是很惊艳但是性价比还好、不能和iPad比但是觉得值得这个价格,Succeed,0.0714,all,划篡、不是很惊艳但是性价比还好、不能和iPad比但是觉得值得这个价格
假*的，太差劲了，，，一星都是快递员的,Failed,,,
这一星气的我都不想给，快递上还写着液体注意，你们注意的什么？ 直接半瓶没了！ 只要一出库你们就是扔着送的是不？,Failed,,,
质量很差好像被人穿过。跟网上差别很大,Succeed,0.1176,all,质量hc好像被人穿过。跟网上差别很大
滋源生姜洗头水非常好用，非常喜欢！,Failed,,,
头一次在京东上买水果，这还是我头一次见到青皮的红心火龙果，真是开眼，长见识！*。实在太亏了！！！,Succeed,0.1795,all,滚一次在京东s买水果，这还是我头一次见到青皮的红心哈密瓜，真是ky，长见识！*。实在太亏了！！！
洗了头痒痒，京东，太失望,Failed,,,
1、播放3GP或MP4时，没有快进键，真是严重的不人性化，设想当电影看了30分钟时，老总来了，立马退出，然后等他走后再重头……2、没有座充，这样即使有2块电池也不太方便3、上盖与下盖可以横向搬动少许，感觉不太结实。,Succeed,0.1358,all,1、播放3GP或MP4时，没有快进糖，蓦是严重的未必人性化，设想当电影看了30分钟时，老总来了，立马退出，然后等他走后再头……2、没有座充，这样即使有2块锂离子也补台方便3、上盖与下盖可以横向搬动少许，感觉不太结实。
还没用，连一个平板套都没送一个,Succeed,0.1429,all,还水殳用，连一个平板套都没送一个
搞个破洞的裤子，最差的一次购物,Succeed,0.1429,all,搞个破洞的裤子，最出色的一次购物
航班晚点临时安排的住处，没有太大期待了。,Succeed,0.1111,all,舟亢班晚点临时安排的住处，没有太大期待了。
性价比较高，我住了一晚之后从乐山回来又续订了两晚，比较满意。,Succeed,0.2593,all,心生价比较高，我住了一晚之后从乐山回来又续订了两晚，差强人意。
老公一个胖子穿的很显瘦啊！质量应该是棉的，摸上去很舒服！最工很精细啊！没掉色嘛！不错,Succeed,0.1622,all,老公一个胖子穿的很显瘦啊！质量应该是棉的，摸上去很疼！罪工很精细啊！没掉色嘛！不金昔
酒店服务态度不好，接机地点也不说清楚，只好打车去，又被无良出租坑，郁闷死了。再也不住这店了。,Failed,,,
最气人的一次网购。电话打过来推荐大一号的。结果给邮了大三号的。如大衣一样。纯是骗子。***邮回去。货回来，里面还是化纤的，起静电。大家不要买了。别再上当了！    我选把择低分的原因是卖言不诚信。就是这样。,Failed,,,
老公很喜欢，质量不错，还可以面料不错,Succeed,0.25,all,客公很讨厌，质量不错，还可以面料不错
﻿价格还可以，我是6768拿下的（用了一张500返20的券），第二天就涨回到6999了。送的正品泰格斯包很漂亮，也很扎实。,Failed,,,
和图差不多，只是不大呀，上午购买，下午送到，苹果还冰冰凉凉的感觉！看纹理应好吃,Succeed,0.1176,all,和图差不多，只是不大呀，上午赔平，下午送到，苹果还冰冰凉凉的感觉！看纹理应好口乞
