总体看上去还可以，先用着。,天啊千万不要贪这种小便宜，真的太垃圾了我才用几次就开不了机充不进电了呢而且屏幕还出现了一条很大的印痕，真的好失望,多次光顾这个商家的东西，个人感觉不错，送货快，起码良心做生意，有诚信。意见是多点秒杀的促销，有需要还来。,第一次在京东上买水果，实物和图片差太多了吧，小小的，以后买水果还是去水果店买比较好,按照提示的体重身高买的，大了，醉了。直接当抹布。,整体感觉还可以吧，价格方面在厦门还算可以，叫了餐服，服务态度还不错，房间感觉不是太好，用的洁具都很一般,裤子收到了喔，哥哥穿起来很有型，面料特别舒服，质量很好滴，物流也超级快,送货太差，机子就这样吧，包装太浪！,性价比不错的，应有的设施都有，离皇岗口岸也近的，感觉酒店比较老了点，差不多也该装修装修了，送的早餐在隔壁的酒楼就餐，那个酒楼的管理很不好，订了餐老半天才送到。,应该会很好用吧，可惜发票抬头开错给我，太可怕了,超级差评，京东的服务，我连1星都不想给，我就想知道它什么时候倒闭！,酒店的职员都很有礼貌，工作态度积极，奈何酒店的设施都很残旧，整体而言，环境适合会议及研讨营。补充点评 2007年8月23日 ： 值得一提的是；有车接送，客人需要的都尽量协助，泳池够深水，活动室设备残旧了一点。,是个悠闲度假的好选择，可惜度假村部分设施没有整理，无法使用，有点可惜！服务人员的态度不是很热情！不过整体来说，还是值得推荐，环境不错！,也只能说味道不错了，洗完头发油腻腻的，就感觉像一坨猪油顶在头上，非常不舒服。,一起买了两套，感觉不错，几个人一起用用看！应该不错,到家全坏了，烂死了！！！没买过这么差劲的水果！！！,没有预装操作系统，省钱了。独显，玩游戏挺爽。安装xp系统也挺简单的。,有一个是烂的。***根本不能吃。**。,挺好用的，赶上活动还赠送外壳和贴膜,还没穿几天就开线 这是真的 骗你们不是人    被坑了 只能这样来说 估计好评都是返现的吧    都说点良心话吧 别为了几块钱乱说,好便宜啊，比商场里好多了！京东商城品质保证，这个已经购买了很多次啦！,什么东西，电池一点都不耐用，太让我失望了,玩梦幻西游之类的回合制网游，电池只能续航5个小时左右。对于4800毫安容量的电池是不是有点短了。买过之后客服的那个态度那叫一个敷衍。客服态度差评！！,洗发水不错 以前也在用 这次是活动期间买的 很划算,稳定、噪音小、发热也小，屏幕看起来很舒服，亮而不刺眼，感觉很润。键盘手感也不错。,买了瓶蒙牛酸奶，无比罪恶，只有这一个牌子，拿了又放回去，最后还是拿了，太不坚定了！下次一定要做到只有蒙牛就不喝！,商标贴上去，怎么觉得是假的，不好用，好失败的购物，老婆直接丢垃圾桶le,自带的Linix系统上上网还可以，想玩其他的功能毫无疑问得换XP.偶在京东订的时候为了装XP方便，一起买了阿帕奇的USB光驱。到货后，发现该USB光驱无法引导系统光盘启动，已验证过该光驱读写功能正常。,"不错的酒店, 装修和风格都很好,是郑州最好的酒店了.可惜没有时间好好住, 因为是晚上到了都一点半了.早上八点半又开车走了, 所以只觉得房间很舒服, 早餐很好吃哈哈哈哈.........",先不说质量如何，光京东的包装就该给差评，如果用胶带封一下上口能把京东累死吗？就一个瓶子放在了一个盒子里，也没有防震填充，更没有防漏保护，这也就是京东的服务！,给公司买的方案，不错，挺好用,差评，反正很不愉快的一次购买。等着急了，影响心情是大事，差评差评。,很好吃，水多，汁甜，味美，喜欢！,质量差，颜色不一样，窝心,太普通了，只是近机场而已，配套陈旧,任何商品都是没有完美的，凑合吧，现在都这个德行。 关键是服务要跟的上，取笔记本商家用脚踢，拽拉。 我买过他们售后等服务态度不好，也包括什么客服，就那么德行。,京东送货快，苹果新鲜可口！价格也不贵，挺满意！,吹风机没给 坑人 售后不处理,苹果不错，孩子喜欢吃，值得信赖京东产品。,质量很差，己返修过，所有键反应迟钝不如小米！,假的，洗了感觉不对，头发发紧，味道味道想肥皂书水没有以前用过那种凉爽的感觉。,东西不错，可以使用！！！东西不错，可以使用！！！东西不错，可以使用！！！东西不错，可以使用！！！东西不错，可以使用！！！东西不错，可以使用！！！东西不错，可以使用！！！东西不错，可以使用！！！,活动秒杀，自营放心又保证，值得正品,经过多方面对比，还是这个套餐性价比高，第一次用沙宣，希望不要太好了噢，哈哈哈哈哈哈,挺好吃的，挺脆，挺甜的，好吃，买了两箱，孩子很喜欢，快递超快，当天到的，没有一个坏的，赞赞赞，还会再来的,裤子颜色都搞错，裤子质量很是一般，根本不值这个价。,17、18日个买了1台，内胆包不一样，其中一台的内胆包实在是蹩脚。一台笔记本外壳有贴膜，一台没有。搞不懂，难道三星也山寨了？,外包完好，送货速度快 但是没有给我发票-.,质量太差，反应太慢，电池超级不耐用，,用了段时间了，我不喜欢评论的。可是不能不抱怨一下，这绝对不是正品，用了段时间头皮多的不得了。越来越多，又痒，以前的清扬都不会，,活动买的，比现在便宜100元？8.0寸，画面清晰，分辨率高，小巧玲珑，携带方便。送的保护膜贴的不好，请自动忽略。,外观很漂亮，自己把内存扩成2G，装的XP正版系统，速度很快。我平面设计的，用了一周没发现问题。,活动买的，很多旅行装，棒棒的。使用后头发香香的，比较柔顺,不得不说此次购物非常垃圾，首先苹果太小，其次味道很不好，有股异味，像是放了很长时间，不新鲜,支持京东商城自营，很好的购物体验,居然是蒙牛……我是不喝呢，还是不喝呢？,显视器有问题又不换货太无耻,买回来了，本想自己先看看再给孩子讲的，可是刺鼻的气味已经熏得头疼了，所以就一直放着没敢给孩子看呢！,不实惠和超市里一样钱,电池还比较耐用，分辨率也高，除了像素不咋地，其他的反正是满足我的要求,隔天到货的，刚用上，看样子还可以，像素有点低，，买的32G的自己买了个内存卡，为何送的保护膜右上角多了个洞？还有咋没发票呢？等用段时间再说吧,房间确实不错，帮朋友订的，朋友说这里的服务很好,京东超市前几天发了满198减100的优惠券，立刻就上超市里来抢购洗发水了，直接五折入手，价格非常实惠，没有什么好挑剔的哈哈哈,商品令人汗颜。看到这样的火龙果，无语。快递员很不错，给五星。,硬件和软件均非常不错，下次去成都考虑入住。,开无线能用5-6小时左右，八小时怎么来的？ 2799-50，当时价格比NG贵，但NG没货。,酒店位置不错，近皇岗口岸，房间也还好，床比较舒适，就是有些小。,一直在京东买东西，京东服务态度好，物品有保障送货上门的那个速度不是一般快！必须赞哈！比那*的强多了。支持京东！,农村送礼还是送蒙牛，好声音正宗好蒙牛,质量超好，穿上非常合身！颜色很好看！算非常满意了！,为什么把一个小房间留给携程网预定的，服务员态度不怎么样。,外面的环境一般，到处是赶火车的人，下了机场大巴要走10多分钟到酒店。酒店的房间还是很不错的，干净整洁，空调也很好，服务还是挺热情的免费宽带，速度可以。离市中心很近，走路打的都行，打车7块钱到八一广场。总的来说还是值得推荐。,太烂了，我平时都穿180的，买个180的穿都穿不进去,外观挺好，但是不开心的是我就吃了一个，结果就是坏心的，,酒店服务满好，房间设施不超过四星，晚上没有骚扰电话。宾馆反馈 2008年6月16日 ： 谢谢,"小说是早就看过的.买来只是为了收藏,可恨的是当当没有用塑料袋包装此书,感觉不是全新一样,而且封底有一条折痕,影响心情.",抵制三鹿 ，抵制蒙牛 抵制修正 抵制酒鬼酒,不到三个月，开不了机，准备申请返修，整个平板拿在手上感觉太软,京东商城自营店买的就是放心，很不错的哦，以后都在这边买了，赠品有多，东西也多，还便宜,外观漂亮，比使用公模的看着顺眼多了。待机时间长，对于经常出差的人来说很试用。,此酒点很不错，环境很好性价比高，下次还住,蒙牛换新包装了，这个好看。,划算、不是很惊艳但是性价比还好、不能和iPad比但是觉得值得这个价格,假*的，太差劲了，，，一星都是快递员的,这一星气的我都不想给，快递上还写着液体注意，你们注意的什么？ 直接半瓶没了！ 只要一出库你们就是扔着送的是不？,质量很差好像被人穿过。跟网上差别很大,滋源生姜洗头水非常好用，非常喜欢！,头一次在京东上买水果，这还是我头一次见到青皮的红心火龙果，真是开眼，长见识！*。实在太亏了！！！,洗了头痒痒，京东，太失望,1、播放3GP或MP4时，没有快进键，真是严重的不人性化，设想当电影看了30分钟时，老总来了，立马退出，然后等他走后再重头……2、没有座充，这样即使有2块电池也不太方便3、上盖与下盖可以横向搬动少许，感觉不太结实。,还没用，连一个平板套都没送一个,搞个破洞的裤子，最差的一次购物,航班晚点临时安排的住处，没有太大期待了。,性价比较高，我住了一晚之后从乐山回来又续订了两晚，比较满意。,老公一个胖子穿的很显瘦啊！质量应该是棉的，摸上去很舒服！最工很精细啊！没掉色嘛！不错,酒店服务态度不好，接机地点也不说清楚，只好打车去，又被无良出租坑，郁闷死了。再也不住这店了。,最气人的一次网购。电话打过来推荐大一号的。结果给邮了大三号的。如大衣一样。纯是骗子。***邮回去。货回来，里面还是化纤的，起静电。大家不要买了。别再上当了！    我选把择低分的原因是卖言不诚信。就是这样。,老公很喜欢，质量不错，还可以面料不错,﻿价格还可以，我是6768拿下的（用了一张500返20的券），第二天就涨回到6999了。送的正品泰格斯包很漂亮，也很扎实。,和图差不多，只是不大呀，上午购买，下午送到，苹果还冰冰凉凉的感觉！看纹理应好吃
总体,垃圾,不错,差太多,醉,整体,哥哥,差,不错,用,差评,泳池,不错,洗完,用用,烂死,挺爽,根本,挺好用,骗,购买,不,差评,划算,刺眼,罪恶,不好,无法,好,差评,挺好用,购买,美,差,机场,服务态度,苹果,坑人,苹果,返修,假,使用,正品,用沙宣,好吃,根本,内胆,完好,差,正品,小巧玲珑,很漂亮,活动,垃圾,商城,蒙牛,无耻,刺鼻,不,高,隔天,好,挑剔,火龙果,考虑,左右,不错,赞哈,正宗,质量,不怎么样,一般,太烂,坏心,满好,不是,三鹿,机,商城,漂亮,不错,好看,划算,差劲,不想,很差,好用,火龙果,痒痒,不,没用,最差,航班,比较满意,舒服,不好,骗子,喜欢,很漂亮,购买
先用,机充,的,图片,大,不错,质量,太,皇岗,吧,我,残旧,度假村,说,不错,水果,没有,烂,活动,坑,啦,耐用,梦幻,活动,稳定,喝,垃圾桶,后,郑州,盒子,公司,一次,很,质量,陈旧,这个,京东,吹风机,吃,质量,书水,不错,活动,高,甜,不值,包不,速度,电池,喜欢,携带方便,平面设计,旅行装,购物,支持,喝,不,没敢,实惠,满足,段时间,房间,实惠,汗颜,均,小时,位置,支持,送礼,了,态度,好,了,但是,骚扰电话,收藏,酒鬼,不了,放心,外观,性价比,蒙牛,性价比,都,扔,质量,滋源,头,头,电池,还,一次,没有,性价比,最工,不,网购,老公,价格,好吃
看上去,贪,良心,上,的,不是太好,面料,包装,不好,应该,倒闭,协助,无法,非常,应该,差劲,独显,不能,的,都,商城,电池,西游,不错,键盘,放,假,可以,哈哈哈哈,瓶子,买,差评,喜欢,不,近,吧,送货,处理,京东,反应迟钝,的,东西,值得,多方面,很,这个,包,快,超级,评论,活动,外观,棒棒,不好,购物,不,问题,了,钱,分辨率,刚用,很,抢购,不错,非常,用,酒店,送货上门,农村,上,把,外面,买,开心,酒店,全新,修正,不到,不错,试用,还,包装,不能,快递,给,差别,喜欢,上,了,进键,平板,破洞,晚点,乐山,不错,坑,最气,质量,用,苹果
可以,印痕,是,第一次,了,感觉,滴,太浪,性价比,开错,超级,有,不是,只能,人,了,操作系统,吃,和,不是,比,失望,只能,买,舒服,不,商标,功能,舒服,先不说,给,了,水,颜色,只是,没有,不贵,没,喜欢,很,不,,放心,太好了,赞赞赞,搞错,的,发票,不,可是,高,用,买,非常,很,呢,有,本想,超市,除了,有点,服务,哈哈哈,商品,入住,八小时,皇岗,一直,蒙牛,很,小房间,环境,平时,外观,不,此书,蒙牛,月,便宜,长,下次,换,很,假,半瓶,好像,生姜,开眼,洗,不太,送,购物,临时,我,掉色,被,回去,还,券,送到
,才,有,和,抹布,一般,舒服,送货,送到,可怕,服务,的,态度,感觉,两套,到家,简单,有,赶上,返现,很,一点,那个,用,很,回去,觉得,方便,很,吗,的,大事,好吃,,了,的,新鲜,售后,产品,所有,肥皂,,保证,不要,挺,都,蹩脚,包,质量,绝对,清晰,自己,柔顺,此次,京东,,又,熏得,一样,咋,看样子,朋友,优惠券,这样,不错,价格比,舒适,必须,好,算,为什么,热情,都,挺,房间,小说,酒,开,京东,使用,此酒点,了,还好,了,都,很大,非常,的,太,重头,一个,搞个,大,住,没,服务态度,选把择,可以,送,不大
,这种,东西,在,买,吧,快,吧,的,太,它,活动室,整体,舒服,了,的,省钱,,赠送,乱说,这个,什么,有点,也,屏幕,就,好,还,的,放在,,等,,,,客服,快,,孩子,小米,洗,,,性价比,挺脆,颜色,一样,外,太慢,用,比,速度,的,太小,好,,,头疼,,不,到货,确实,非常,无,成都,无线,口岸,保障,,满意,携程网,不错,个,结果,宾馆,看过,抵制,平板,买,比,好,,惊艳,太,一,网上,,实在,,真是,,,太,较,显瘦,出租,电话,面料,是,下午
,几次,送货,水果店,,还,裤子,,离,会,京东,整体而言,环境,猪油,看,,安装,,,人,京东,我,之后,期间,亮,酸奶,丢,为了,不错,保护,,愉快,,,,拉,也,,,,感觉,,,第一次,坏,价,实在,送货,,段时间,买,内存,使用,味道,,,,买回来,,还,保护膜,订,超市,快递,硬件,当时,也,一般,,非常,服务员,速度,我,好,没有,有,,三个,这边,人,高,,价格,的,你们,,,在,,分钟,,,安排,之后,穿,酒店,化纤,,第二天,只是
,用,这个,比较,,可以,也,,酒店,我,不想,都,度假,了,,,的,,,的,好,,小时,洗发水,小,最后,老婆,京东,最好,如果,,是,,,,要,,,,,发紧,,,噢,到,一般,了,,,不会,的,很快,,有股,,,,呢,,其他,用,,京东,语,,怎么,还好,那,,,,市中心,不,不,超过,用,,返修,多,经常,,,这个,,的,,,红心,,横向,,,,了,胖子,清楚,推荐,,正品,上午
,啊,诚信,实物,,很,好,,近,抬头,就,态度,人员,坨,,,,,,只能,品质,,对于,,感觉,一个,的,得换,了,用,,,,,,什么,,,,,没有,,,哈哈哈,会,,日个,,,一下,忽略,把,,新鲜,,,,自己,,像素,像素,,洗发水,五星,,能,床,不是,,,,多分钟,,吃,设施,的,,,东西,对于,,,但是,,这,,,这,,感觉,,,,,老公,只好,一次,,扎实,感觉
,失望,做生意,买,,在,起来,,装修,,什么,很,没有,油腻腻,,,,,,来说,了,,续航,,很润,还是,,时候,好吃,一下,,,,,,都,,,,,对,,,,孩子,,台,,,抱怨,请,我,,不得不,,,,所以,,是,咋,,直接,,,,,京东,,,,服务,,就是,,感觉,,,的,了,,,,,液体,,,买,,当,,,,,应该,说,静电,,涨,和
,不了,多次,,,叫,收到,,应有,,,礼貌,来说,不错,,,,,,良心话,,,一个,,,只有,,一起,风格,京东,,,,,,等,,,,,,,,,喜欢,,买,,,都,,发现,,首先,,,,一直,,耐用,右上角,,入手,,,,,物品,,,,整洁,,,,一条,,,店,公模,,,,,没,,,一次,,的,,,,,啊,地点,回来,,的,差不多
,屏幕,,,,,特别,,很,,,适合,悠闲,也,,,,,,没,,,网游,,,瓶,,其他,装修,填充,,,,,,脚踢,,,,,,,,,当天,,是,,,不得了,,,,其次,,,,讲,,,吧,,立刻,,,,,速度,,,,是,,,,只是,,,,,,,,,还,,,,,也,,,,,的,去,原因,,了,
,我,,,,,,,有,,,奈何,整理,,,,,,,估计,,,左右,,,拿,,系统,时间,的,,,,,,笔记本,,,,,,,,,来,,一台,,,清扬,,,,,,,,气味,,,自己,,几天,,,,,买,,,,离,,,,是,,,,,,,,,写,,,,,时,,,,,,也,过来,,,
,了,,,,,,,老,,,职员,设施,,,,,,,被,,,态度,,,下次,,自带,觉得,没有,,,,,,也,,,,,,,,,的,,,,,头皮,,,,,,,,放着,,,没,,发了,,,,,,,,,宽带,,,,心情,,,,,,,,,不,,,,,严重,,,,,,,结果,,,
,很大,,,,,,,早餐,,,研讨,部分,,,,,,,点,,,容量,,,无比,,的,没有,上口,,,,,,跟,,,,,,,,,,,,,,越来越,,,,,,,,,,,个,,没有,,,,,,,,,还是,,,,,,,,,,,,,一星气,,,,,方便,,,,,,,里面,,,
,还,,,,,,,都,,,接送,使用,,,,,,,好评,,,之类,,,,,该,住,也,,,,,,买,,,,,,,,,,,,,,了,,,,,,,,,,,还有,,,,,,,,,,,房间,,,,,,,,,,,,,,,,,,座充,,,,,,,还是,,,
,就,,,,,,,那个,,,有车,推荐,,,,,,,真的,,,是不是,,,,,毫无疑问,开车,一个,,,,,,售后,,,,,,,,,,,,,,,,,,,,,,,,,了,,,,,,,,,,,空调,,,,,,,,,,,,,,,,,,少许,,,,,,,一号,,,
,,,,,,,,设施,,,,,,,,,,,了,,,毫安,,,,,在,,,,,,,,任何,,,,,,,,,,,,,,,,,,,,,,,,,还,,,,,,,,,,,挺,,,,,,,,,,,,,,,,,,播放,,,,,,,打,,,
,,,,,,,,,,,,,,,,,,,,,,,,,,,,,,,,,,,完美,,,,,,,,,,,,,,,,,,,,,,,,,,,,,,,,,,,,下,,,,,,,,,,,,,,,,,,这样,,,,,,,大,,,
,,,,,,,,,,,,,,,,,,,,,,,,,,,,,,,,,,,他们,,,,,,,,,,,,,,,,,,,,,,,,,,,,,,,,,,,,到,,,,,,,,,,,,,,,,,,立马,,,,,,,是,,,
,,,,,,,,,,,,,,,,,,,,,,,,,,,,,,,,,,,,,,,,,,,,,,,,,,,,,,,,,,,,,,,,,,,,,,,广场,,,,,,,,,,,,,,,,,,然后,,,,,,,大家,,,
,,,,,,,,,,,,,,,,,,,,,,,,,,,,,,,,,,,,,,,,,,,,,,,,,,,,,,,,,,,,,,,,,,,,,,,推荐,,,,,,,,,,,,,,,,,,退出,,,,,,,三号,,,
,,,,,,,,,,,,,,,,,,,,,,,,,,,,,,,,,,,,,,,,,,,,,,,,,,,,,,,,,,,,,,,,,,,,,,,免费,,,,,,,,,,,,,,,,,,下,,,,,,,纯是,,,
,,,,,,,,,,,,,,,,,,,,,,,,,,,,,,,,,,,,,,,,,,,,,,,,,,,,,,,,,,,,,,,,,,,,,,,的,,,,,,,,,,,,,,,,,,设想,,,,,,,一样,,,
,,,,,,,,,,,,,,,,,,,,,,,,,,,,,,,,,,,,,,,,,,,,,,,,,,,,,,,,,,,,,,,,,,,,,,,,,,,,,,,,,,,,,,,,,搬动,,,,,,,低分,,,
,,,,,,,,,,,,,,,,,,,,,,,,,,,,,,,,,,,,,,,,,,,,,,,,,,,,,,,,,,,,,,,,,,,,,,,,,,,,,,,,,,,,,,,,,,,,,,,,如,,,
,,,,,,,,,,,,,,,,,,,,,,,,,,,,,,,,,,,,,,,,,,,,,,,,,,,,,,,,,,,,,,,,,,,,,,,,,,,,,,,,,,,,,,,,,,,,,,,,大衣,,,
