,Result,Query,Rate,Type,Time,Example
感谢师傅一早送货，果子冷链配送到手还凉凉的带着冷凝水，包装也到位，继续补货,Succeed,3522.0,0.1471,DAA,301.37,戚激悠俑一早送货，果子冷链配送到手还凉凉的带着冷凝水，包装到位，继续补货
超级不新鲜，不好吃，有点苦！然后有些坏的节奏，还不如菜市场买的,Succeed,111.0,0.1111,DB,15.21,超级新鲜，不好吃，有点苦！然后有些坏的节奏，还步入菜市场买的
电池用不了一天，屏幕亮暗变化不断。质量不好。,Succeed,144.0,0.2105,CB,12.26,电池组用不了一天，屏幕亮暗变化不断。质量bh。
住了两次！一次小孩早餐收费15元！一次30元！什么管理,Succeed,10.0,0.1,B,5.85,住了两次！一次小孩早餐shōufèi15元！一次30元！什么管理
果子小不说，还是烂的，味道也不行,Succeed,94.0,0.2857,AA,10.98,果子小不说，近晏烂的，味道也不彳亍
物流一如既往地快，即使在618这么火爆的日子还能这么快真是很满意了，东西很便宜，还赠了一个吹风机喜欢，全满分！,Succeed,24924.0,0.1702,AAA,432.75,牛勿流一女口艮旡彳主地快，即使在618这么火火暴的日子还能这么快真是很满意了，东西很便宜，还赠了一个吹风机喜欢，全满分！
有一个坏了一点点 总重量2216克 看外观还行吧 摸着是脆的 150和160克各一个 其他大概都是170 180 190 200克以上 感觉和超市比要欠缺些,Succeed,30667.0,0.1489,AAB,458.42,有二介坏了yìdiǎndiǎn 总重量2216克 看外观还彳亍吧 摸着是脆的 150和160克各一个 其他大概都是170 180 190 200克以上 感觉和超市比要欠缺些
包装很帅气，我的油头都不再油了，爽啊～,Succeed,0.0,0.125,A,5.98,包装很丨丿巾气，我的油头都不再油了，爽啊～
用了一段时间是正品，真的很不错的一种产品，我一直相信京东自营,Succeed,196.0,0.1071,AA,17.08,甩了一段时间是正品，真的很不镨的一种产品，我一直相信京东自营
老公试穿了很好看，质量不错，大小合适，常穿这牌子 比较实惠,Failed,,,,,
快递很快，昨天中午下的单，今天中午就到了。到了就迫不及待拆了，感觉还不错，音质很好，感觉就是一个大屏幕手机，唯一一点不好的地方就是充电速度太慢了，这点还能接受,Succeed,5273.0,0.0423,BC,32.69,快递很快，昨天中午下的单，今天中午就到了。到了就迫不及待拆了，感觉还不俗，音质很号，感觉就是一个大屏幕手机，唯一一点不好的地方就是充电速度太慢了，这点还能接受
很好，很好，很强大，不错不错，很不错。继续努力。,Failed,,,,,
近鹅岭公园是个很大的优势，算是闹中取静吧，但是作为豪生管理却显得员工培训一般般，亟待改进,Succeed,7303.0,0.1707,CDC,629.57,鹅岭公园是个很大的优势，算是自内而外吧，但是作为豪生管理却显得员工培训一般般，亟待改良
手机按键过小，排列过密，使得输入比较困难，听筒设计过于简单，音量较小。总之实用性并不强。,Succeed,225.0,0.0526,BB,20.2,手机按键过肖，排列过密，使得输入比较困难，听筒设计过于简单，音量较小。总之实用性bìng不强。
一如既往的好 帮人第三次购买了 很好用 实惠又经用,Failed,,,,,
毕竟是惠普的产品，外观做工上还是简约而不简单～ 这个配置，在这个价位真的也没有什么可挑剔的了～ 再低端，也是定位在商用本，呵呵～,Succeed,5258.0,0.0909,DBA,1008.34,毕竟是惠普的产品，外观做工上还是简约而不建党～ 这个配置，在这个价位真的也没有什么挑剔的了～ 再煲骅，也是定位在商用本，呵呵～
京东水果是一个惊喜，价格便宜，送货快，质量也不错。,Succeed,572.0,0.2857,BC,12.22,京东水果是一个惊喜，价格昂贵，送货快，质量也部错。
非常非常非常非常非常非常非常非常好！,Failed,,,,,
很不错的东西，经常买，这次飞碟活动买了一大堆！！！后面还会继续支持京东的，么么哒。,Failed,,,,,
个头中等，个头均匀，很新鲜，包装完好，没有破损，送货快。,Failed,,,,,
已经在他们家买了3台了，一直一如既往的好。客服很给力，快递也很给力。全5分！,Succeed,106.0,0.0968,CA,17.05,已丝圣在他们家买了3台了，一直一如既往的不好。客服很给力，快递也很给力。全5分！
中国人对美的这个民族品牌还应该大力支持啊，我很喜欢这个热水器，40升的容量刚刚好！！！，期待哦再次合作！！！,Succeed,27522.0,0.1163,BAB,655.66,中国人劝美的这个民族pp还应该大力支持啊，我很喜欢这个热水器，40升的容量刚刚好！！！，qīdài哦再次合作！！！
很不错的一本书，是现实的写照。同时能学到一些关于职业生涯的规划。推荐,Succeed,1.0,0.0645,A,6.05,很不错的一茇赴，是现实的写照。同时能学到一些关于职业生涯的规划。推荐
很满意的一家酒店，装修不错，那天住下晚上房间的网络出了问题，负责网络的人又下班了，服务员很热心的带我到楼下商务中心免费上网。送机服务也很好，总之很满意，以后去昆明就住经贸了！,Succeed,38.0,0.0253,C,6.13,很失望的一家酒店，装修不错，那天住下晚上房间的网络出了问题，负责网络的人又下班了，服务员很热心的带我到楼下商务中心免费上网。送机服务也很好，总之很满意，以后去昆明就住经贸了！
停车不方便，要等保安下来很慢，前台服务态度很一般，尤其房间毛巾黑黑的，有很旧，坏的有窟窿～,Succeed,9586.0,0.1282,DBB,300.81,停车方便，要等保安下来很慢，前台服务态度很yb，yóuqí房间毛巾黑黑的，有很旧，坏的有窟窿～
T4200、1GB（三星DDR2 800）、160G（西数）、DVD刻录机（日立LG），运行算安静，发热不大,Succeed,1.0,0.1111,A,5.87,T4200、1GB（三星DDR2 800）、160G（西数）、DVD刻录机（日立LG），运行算宾睁，发热不大
质量不行！！感觉就是塑料的，只能当雨衣了！！ 注意：货到付款才是京东配送！！,Succeed,2206.0,0.2759,BAA,191.56,质量bùxíng！！感觉就是梅拨的，只能当雨衣了！！ 注意：倍剁纣傺才是京东配送！！
"""只是还没安装,先给全好评.""",Succeed,0.0,0.1818,A,5.82,"""只是还没安装,先给全女子言平."""
看上去挺好的，没感觉现在换了联想有什么大的变化。不过帮人买的，也不是我用就是了,Succeed,1.0,0.0278,A,5.83,看上去梃好的，没感觉现在换了联想有什么大的变化。不过帮人买的，也不是我用就是了
我头天买 第二天就降价100 而且咨询客服 还没人搭理 这也就算了 邮快递邮了8天 我真是醉了 非常郁闷的一次购物,Failed,,,,,
华为平板非常差，我买回来立即送人了。,Succeed,1.0,0.0625,A,5.54,华为平板非常麦，我买回来立即送人了。
京东商城自营的华圣品牌，超级赞,Succeed,92.0,0.2143,AA,10.88,京东商城自营的华圣品片卑，超级缴
还没用，等用了再说吧！,Succeed,1.0,0.2222,A,5.89,还没用，等用了勇驴吧！
缺点多多：滑盖特松，稍微用力量就滑开了；内存太小，没有扩展空间；接听音量太小，公共场所无法使用；摄像效果特差；电池待机时间太短，两天就完；不支持中文文件名，（杭州生产，怎么象私货？）,Failed,,,,,
质量不错，和实体店的一样没想到还这么便宜，下次还会再来，重要的事情说三遍 好评好评好评，以后就在这家店买了。,Succeed,101.0,0.0833,AA,26.19,匮龛不金昔，和实体店的一样没想到还这么便宜，下次还会再来，重要的事情说三遍 好评好评好评，以后就在这家店买了。
还没用 第一次买 昨晚11下的单 今天中午就到了 火速啊 让我不得不怀疑这快递,Succeed,9.0,0.0625,A,6.02,还役甩 第一次买 昨晚11下的单 今天中午就到了 火速啊 让我不得不怀疑这快递
1：产品的大小很好，比x61还要小，但看起来还是没x61大气，X61上次外去摔了一下以后，我就想到了买一个上网本，要是你作为一个主本用还是建议买好一点的。 2：不过现在你可买3G上王本，同样的价格,Succeed,75.0,0.0267,A,6.18,1：亢昴的大小很好，比x61还要小，但看起来还是没x61大气，X61上次外去摔了一下以后，我就想到了买一个上网本，要是你作为一个主本用还是建议买好一点的。 2：不过现在你可买3G上王本，同样的价格
裤子收到了，大小刚好，颜色也正，上身效果挺不错的，做工方面非常精细，很满意哦！,Failed,,,,,
客服欺骗人，明明说有赠品，而且我拍的时候也显示有赠品我才拍的，结果拿到平板没有赠品，还说是赠完即止不能解决，太恶心了人了,Failed,,,,,
真的成指纹收集器了，太惨了，擦也擦不光！还有就是插上电源电池如果没拿掉的话就会充电，不知道这样对电池伤害严重哇！华硕真该做个开关好控制电池模式还是直流模式！,Succeed,715.0,0.0417,AA,50.53,真的成揞攻收集器了，太惨了，擦也擦不光！还有就是插上电源电池如果没拿掉的话就会充电，不知道这样对电池伤害严重嘻！华硕真该做个开关好控制电池模式还是直流模式！
这会不会都是你们蒙牛自己所为，显得你们好像总被诬陷，最近就只在前一阵子买了一段时间的三元盒装奶，感觉还不错，反正对蒙牛是没什么好印象，不会再光顾，并且不建议亲友饮用。 很久不关注蒙牛了，反正我又不喝良心企业！！,Failed,,,,,
裤子质量很好，穿上正好合适 很满意,Succeed,268.0,0.2,BB,11.08,苦子质量很号，穿上正好合适 很满意
只能用一个字形容，差，质量差，尺寸大,Failed,,,,,
五一到广州总部自提了，机子很不错，尤其喜欢键盘和音响。速度还好，屏幕挺舒服的，有一个亮点，不过还好。开机挺久了，基本没发热，风扇声音很小。确定是GM45的芯片组。自提服务员态度不错，挺耐心的。,Failed,,,,,
屏幕长宽比跟ipad不一样，这个更像是手机的放大版，主要是给小孩玩的，性能应该还可以！,Succeed,4.0,0.0286,C,6.12,屏幕长宽比跟ipad不能一样，这个更像是手机的放大版，主要是给小孩玩的，性能应该还可以！
蒙牛新产品，很好喝,Failed,,,,,
这次的苹果比上次的要好！希望有更多优惠(^_^;)！,Succeed,46.0,0.1667,AA,12.27,这冫欠的苹果比上次的要女子！希望有更多优惠(^_^;)！
不好用！真的假的啊，洗完特别干,Failed,,,,,
以前买苹果都是给小朋友榨汁喝的，嗯，这个苹果看起来挺新鲜，削皮试吃一下看看怎么样,Succeed,6377.0,0.1351,BBA,314.0,以前买苹果都是给少胆妾榨汁喝的，ǹ，这个苹果看起来停新鲜，削皮试吃一下看看怎么样
欢迎来到溜溜达达看世界，今天我们来聊一聊世界上穿越沙漠最长的高速公路-京新高速公路。京新高速起点是北京的箭亭桥，终点到新疆乌鲁木齐的广汇大桥，全长2540公里,Succeed,113.0,0.0857,AA,32.08,又欠迎来到遛遛洁洁看世界，今天我们来聊一聊世界上穿越沙漠最长的高速公路-京新高速公路。京新高速起点是北京的箭亭桥，终点到新疆乌鲁木齐的广汇大桥，全长2540公里
本人5月3日入住。设施太陈旧，一股霉味，住店还收停车费，强烈不推荐。另外，协程给出的地址有误，是浔阳路，不是浔阳东路。,Succeed,9119.0,0.1042,BDB,1248.31,本人5月3日入住。设施太cj，一股mw，住店还收停车费，强烈推荐。另外，协程给出的地址有误，是浔阳路，不是浔阳东路。
非常不满意的一次购物，第一个有烂的了，第二个烂得更利害（看图），无言啊。。。,Succeed,115.0,0.1333,DB,16.39,非常满意的一次购物，dìyígè有烂的了，第二个烂得更利害（看图），无言啊。。。
面料摸起来很软，面料质量不错 合身，大小合适 做工不错,Succeed,240.0,0.1739,AA,11.1,面料摸起来很软，面料匮龛不错 合身，太少合适 做工不错
一直在京东自营买苹果吃，很新鲜。,Succeed,276.0,0.2143,CC,10.92,仍旧在京东自营买苹果不吃，很新鲜。
z怎么发给我的又是白色的啊。不是说都是黑色的了么。郁闷。有点欺诈啊。。,Failed,,,,,
根本评不到4分以上。就一般的商务酒店,Succeed,0.0,0.125,A,5.75,木艮本评不到4分以上。就一般的商务酒店
要不是离机场近，房间还干净，这种服务态度这辈子都不想再住,Succeed,74.0,0.1538,BB,13.84,要不是离几场近，房间还干净，这种服务态度这辈子都bùxiǎng再住
"""比较新鲜,脆脆的,微酸,没有上次买的甜.""",Succeed,8.0,0.125,A,5.82,"""匕匕车交新鲜,脆脆的,微酸,没有上次买的甜."""
"""裤子不错,大小合适,穿上很舒服""",Succeed,454.0,0.3077,AA,11.15,"""裤子不金昔,大小合适,穿上很郇腋"""
我住在7楼的单人间，房间较小，而且不是玻璃隔断的浴室，设施还可以。酒店离车站很近，打车6块，在市中心，服务还可以，早餐可以接受，就是西餐的品种较少，以后去徐州还会考虑入住。,Succeed,1111.0,0.0411,AB,41.65,我住在7楼的单人间，房间车交小，而且不是玻璃隔断的浴室，设施还可疑。酒店离车站很近，打车6块，在市中心，服务还可以，早餐可以接受，就是西餐的品种较少，以后去徐州还会考虑入住。
不错，住得挺舒服的。就是打的不方便，要走很远才能截到的士。,Succeed,61.0,0.2,AA,15.59,不金昔，住得手廷舍予月卩又的。就是打的不方便，要走很远才能截到的士。
手机触屏不好，要去滑几次才打开手机，失望了,Failed,,,,,
裤子错，有弹性，和图片基本一样，尺码合适，颜色很好看,Failed,,,,,
不好，也不修身，还是双11买的呢，买完就降价，客服太差了，绝对差评,Failed,,,,,
裤子质量很好，裤型不错，而且穿起来显瘦，性比价高，是我喜欢的布料，不起球，值得购买，,Failed,,,,,
距离机场较近，出行比较方便，房间稍微陈旧了点，床太小，总体评价一般般,Succeed,2.0,0.0667,B,5.87,距离jīchǎng较近，出行比较方便，房间稍微陈旧了点，床太小，总体评价一般般
京东的价格保护不好用，有很多限制条件，下了订单的第二天就降了100，咨询了客服说是可以申请价保，但是提货时却告知因为赠品不一样不能申请价保，所以多花100很郁闷。 装XP很…………费劲！,Failed,,,,,
确实洗发水稀，瓶子倒过来自己就流出来了，一直不停流,Succeed,40.0,0.087,B,5.87,确实洗发水稀，瓶子倒过来自己就流chūlái了，一直不停流
酒店环境还不错，比旁边的建工锦江好一些，不过价格也高了不少，如果有公司协议价格入住就比较划算了。交通还算方便，去机场的班车过了马路就是，地铁站也就走10分钟左右，不过上下班时打车有点不方便，建议坐公交或地铁。,Succeed,1.0,0.0215,A,6.12,酒店环境还不镨，比旁边的建工锦江好一些，不过价格也高了不少，如果有公司协议价格入住就比较划算了。交通还算方便，去机场的班车过了马路就是，地铁站也就走10分钟左右，不过上下班时打车有点不方便，建议坐公交或地铁。
东西收到后 小了 又换了个大点的 服务蛮好的,Succeed,9.0,0.0526,A,5.91,东西收到后 小了 又换了个大点的 服务銮好的
苹果不错。好评。以后还会再买。,Failed,,,,,
东西已经收到，三年来一直坚持用京东强狗的洗头膏，别问真假，问这个问题的就去超市买假的吧，反正京东自营是真的，傻瓜才去超市买假的，?,Succeed,11.0,0.0345,B,6.15,东西已经收到，三年来一直坚持用京东强狗的洗头膏，别问真假，问这个问题的就去cs买假的吧，反正京东自营是真的，傻瓜才去超市买假的，?
请你们立即将我当当帐号里的10元 礼卷 取消掉！！！谁需要你们那破 礼卷 ！！不是明确告诉你们不要放这 礼卷 在我帐号中吗？本来那天接到你们的道歉电话我已经不再提这事了。不取消这破 礼卷 我将继续去“写评论”！！！你们怎么这么讨厌！！！KF051501056101361930,Failed,,,,,
一本提高高个人修养和能力的书，无论我们从用角度去看玫琳凯化妆品公司、玫琳凯.艾施其人，但这本说能给我们的智慧确实不言而喻的,Succeed,685.0,0.0877,AC,27.15,一本提高高个人修养和能力的书，无论我们从用角度去看玉攴玉林岂几化妆品公司、玫琳凯.艾施诬，但这本说能给我们的智慧确实不言而喻的
手机质量很好，相信华为手机，应该可以用很久吧,Succeed,16.0,0.1,A,5.99,孛扔质量很好，相信华为手机，应该可以用很久吧
有点穿不上，小了，骗我,Succeed,44.0,0.2222,AB,10.46,有点穿不上，小乐，煸我
很流畅，系统更新以后更好。看电影一点不卡。尤其是音响很好。,Succeed,331.0,0.12,BB,14.13,恨liúchàng，系统更新以后更好。看电影一点不卡。尤其是音响很好。
服务员态度冷淡，崇洋媚外，爱搭不理,Failed,,,,,
尺码不对，颜色也不对，能不能放,Failed,,,,,
质量很好的，第一次买班尼路，货真价实，卖家服务也超棒，不过我有一个疑惑，办理换货需要没收赠品吗？,Succeed,51.0,0.0238,C,5.96,质量很不好的，第一次买班尼路，货真价实，卖家服务也超棒，不过我有一个疑惑，办理换货需要没收赠品吗？
买了三箱，可能是天气太热，回家拆袋看坏了三个，以后不会再在京东上买鲜果了。,Succeed,10.0,0.0606,B,5.96,买了三箱，可能是天气太热，回家拆袋看坏了三个，以后búhuì再在京东上买鲜果了。
"""携程提供的160元的普通标间没有任何竞争力,房间设施一般,床单破损,服务也一般.商务豪华标间部分房间不是没有电脑,便是电脑只是摆设,连启动都不能.我在升级更换房间时便三易房间才能够正常入住.期待改进.""",Succeed,23.0,0.0114,B,6.15,"""携程提供的160yuán的普通标间没有任何竞争力,房间设施一般,床单破损,服务也一般.商务豪华标间部分房间不是没有电脑,便是电脑只是摆设,连启动都不能.我在升级更换房间时便三易房间才能够正常入住.期待改进."""
在京东商城买的清扬洗发水，超实惠，超赞！用好再来买！,Failed,,,,,
我要的M号给我弄个L号，乱来,Failed,,,,,
"""预装的是Linux,不是xp，给客服打电话说不能换操作系统，要不就不保修了，哪有这样的道理""",Succeed,985.0,0.1176,BA,18.35,"""yùzhuāng的是Linux,不是xp，给屯腋打电话说不能换操作系统，要不就不保修了，哪有这样的道理"""
服务态度不错，裤子价格也对得起质量，物流还可以，总之我感觉裤子不错！！,Failed,,,,,
是我喜欢的香味，一次满意的购物。,Succeed,0.0,0.1429,A,5.95,是我喜又欠的香味，一次满意的购物。
早餐内容实在需要改进，唯有咖啡口味还不错。,Succeed,1.0,0.1053,A,5.97,早餐肉宣实在需要改进，唯有咖啡口味还不错。
裤子质量挺好的，效果也不错值得购买，送给朋友的，他很喜欢，下次再来,Succeed,12360.0,0.2069,BAA,243.27,苦子质量挺好的，效果也不错值得购买，送给朋友的，他很喜又欠，下冫欠再来
东西收到，做工还可以，大气支持国货，先用用看,Failed,,,,,
不错，做工精致，系统流畅，支持国货，支持华为，支持京东。,Failed,,,,,
难吃的很，放的一个月竟然也没有坏掉,Succeed,2.0,0.125,B,5.95,nánchī的很，放的一个月竟然也没有坏掉
待机时间长，拍照比我的小米4好，大小正好，再大我觉得就不便了。,Succeed,47.0,0.1538,A,5.85,侍扔助阊长，拍照比我的小米4好，大小正好，再大我觉得就不便了。
不好穿，穿上不舒服，,Failed,,,,,
买的套装，价格很实惠，这款洗发水洗头特别干净,Succeed,152.0,0.15,BA,13.92,买的套装，价格狠奕寒，这款洗发水洗头特别干净
试了一个，带点酸，果脆汁多，不算很甜，个头一般。整体可以接受。,Succeed,35.0,0.08,A,5.84,试了一个，带点酸，果脆汁多，不篡很甜，个头一般。整体可以接受。
还没用，但是看着很不错，非常喜欢，一直在京东买,Succeed,21.0,0.1,C,5.92,还没用，但是看着很不错，非常讨厌，一直在京东买
颜色不错 穿上很舒服 面料不错,Failed,,,,,
不错，之前买的那两桶快用完了，囤货中,Succeed,36.0,0.125,A,5.71,不金昔，之前买的那两桶快用完了，囤货中
京东自营的就是货真价实！！！,Succeed,12.0,0.3636,B,5.87,京东自营的就是霍真价实！！！
