,Result,Query,Rate,Type,Time,Example
不错，性价比高，大小合适，不过还是感觉有点厚了,Succeed,406.0,0.2,BA,15.6,不金昔，性价比高，大小何时，不过还是感觉有点厚了
我用了一段时间再评价的，反应还行，就是手上网阅览网页真的好卡，还没有我之前*比魔方平板上网速度快呢！华为不敢恭维呀。,Succeed,9.0,0.0385,A,6.06,我用了一段时间再评价的，反应还行，就是手上网阆迨网页真的好卡，还没有我之前*比魔方平板上网速度快呢！华为不敢恭维呀。
买了好多手机，第一次碰到基本的屏保护膜都没有，不知道是不是人家退的货，买的不放心，刚出厂的时候不了能没有保护膜。用了在说吧，京东的东西也不放心了。,Succeed,358.0,0.0606,AB,29.55,买了好多手木几，第一次碰到基本的屏保护膜都méiyǒu，不知道是不是人家退的货，买的不放心，刚出厂的时候不了能没有保护膜。用了在说吧，京东的东西也不放心了。
房间及服务很一般，餐饮颇贵。下次不选择入住。,Succeed,2.0,0.1053,B,5.96,房间及服务很yìbān，餐饮颇贵。下次不选择入住。
"""就是做系统特麻烦,装不了goss盘.自己很懒.不想去驱动,还有就是我的回车键盘键不好用了.还有就是查鼠标的那个USB接口也不能用了,应该怎么处理啊""",Succeed,106102.0,0.1,ABB,1945.07,"""捺晏做系统特máfán,装不了goss盘.自己很懒.不想去驱动,还有就是我的回车键盘键不好用了.还有就是查鼠标的那个USB接口也bùnéng用了,应该怎么处理啊"""
帮朋友买的 质量很好 穿上效果不错 朋友很满意 客服也热情,Succeed,548.0,0.16,AC,14.24,帮月月友买的 质量很好 穿上效果不错 朋友很失望 客服也热情
外观，键盘，性能和电池都挺不错，但就是进不了系统，郁闷啊。硬盘嘎吱响，怀疑有问题。虽然楼上有人讲F9导入系统可以解决问题，但验货的时候可不知道，京东的售后也没提这个方法，直接换货了，还是换个新的保险,Succeed,9.0,0.0233,A,6.48,外观，键盘，洪皎和电池都挺不错，但就是进不了系统，郁闷啊。硬盘嘎吱响，怀疑有问题。虽然楼上有人讲F9导入系统可以解决问题，但验货的时候可不知道，京东的售后也没提这个方法，直接换货了，还是换个新的保险
昨晚下单一台今天到货见图片 箱子里连起码的泡沫都没有 这就是京东！令人发指！老客户你们就是这么对待的？最后一次 我发誓 滚吧 京东！,Succeed,111014.0,0.1228,ABB,1769.3,昨晚下单一台今天到货见图片 箱子里连起码的泡沫都美柚 这就是京东！令人发指！客屯户你们就是这么对待的？最后一次 我fāshì 滚吧 京东！
裤子质量不错，就是有点薄，不适合冬天穿。,Succeed,2.0,0.0588,B,5.9,裤子质量b错，就是有点薄，不适合冬天穿。
昨天收到货晚上儿子就迫不及待的用上了。主要是给儿子学英语用的很好。,Succeed,5593.0,0.129,AAA,204.41,磁夭收到倍晚上儿子就迫不及待的甩上了。主要是给儿子学英语用的很好。
双十一买的，价格优惠，看着够大！,Succeed,1.0,0.1538,A,5.85,双十一买的，价格伪寒，看着够大！
价格实惠，屏幕大看电影很棒。最没想到的是很省电！！！,Succeed,615.0,0.1905,AA,13.69,价格奕寒，屏幕大看电影彳艮木奉。最没想到的是很省电！！！
发票一个月了，还没有邮寄过来，也不联系，差评,Failed,,,,,
陈旧不堪，朝向不好。有众多不文明的现象。老板在吧台内的动作滑稽可笑。,Succeed,508.0,0.1667,CD,15.16,，朝向好。有众多不文明的现象。老板在吧台内的动作滑稽可笑。
我住的是高级商务间，房间很宽敞，服务也不错。但是，1，没有浴盆；2，早餐太次；3，商务间没有宽带！4，换了几个电视遥控器，还是站在电视前才能遥控。,Succeed,3760.0,0.0714,AA,36.84,我住的是鬲圾商务间，房间很贲拱，服务也不错。但是，1，没有浴盆；2，早餐太次；3，商务间没有宽带！4，换了几个电视遥控器，还是站在电视前才能遥控。
我觉得买的可亏 大家请别买 因为用的还不到一个月卡的狠了 还有反应慢极了 妈呀 真是,Succeed,12887.0,0.1081,BBC,226.44,我觉得买的kk 大家请别买 因为用的还不到一个月卡的狠le 还有反应快极了 妈呀 真是
还行吧，就是布料不怎么样，还算可以。,Succeed,1.0,0.0667,A,5.86,还行吧，就是布料不怎么样，还篡可以。
真心的太味儿了，如果不是赶飞机真心不想住，而且房间里有小虫子,Failed,,,,,
1、手机无法直接使用SD卡中内容（如SD卡中的mp3歌曲），机器内存太小。手机无法直接将mp3内容录制到SD卡中。2、内置内存中从网上下载的图片、铃声无法转到SD卡中。3、网上下载图片时，因许多格式不支持而无法下载。,Failed,,,,,
我11月21号下单到11月27号才收到货成都到广安坐大客两小时就能到的送货送了7天，下单说今天下明天到的，下单说送保护套的也没送京东现在差差差,Succeed,9234.0,0.1,AAB,749.85,wǒ11月21号下单到11月27号才收到货咸鄯到广安芈太屯两小时就能到的送货送了7天，下单说今天下明天到的，下单说送保护套的也没送京东现在差差差
"""京东发货速度真的比以前快多了,当晚五点多付款后,过会确认一小时后就发货了,第二天申通快递就送到了.华硕笔记本用起来还真的不错,用光驱装XP只要几分钟,硬盘分区后我又装了WIN7,用起来非常爽,我又加了根2G的内存,机器也能认出来.""",Succeed,61874.0,0.0619,AAA,4961.09,"""京东发货速度真的比以前快多了,当晚五点多付款后,过会确认一小时后就发货了,篓一夭申通快递就送到了.华硕笔记本甩起来还真的不错,用劣惩装XP只要几分钟,硬盘分区后我又装了WIN7,用起来非常爽,我又加了根2G的内存,机器也能认出来."""
"""小巧好看,特别是针对女性用户推出特别功能很有人情味,功能简单使用,是比较适合女性使用的一款手机""",Failed,,,,,
拆包送？把我一个订单拆成七个！厉害了，我的哥！,Succeed,2.0,0.1053,B,5.82,拆包送？把我一个订单chāichéng七个！厉害了，我的哥！
居然是烂的，最可气的是居然客服还不回，我一直以为京东是服务很好的，没想到是这样的，以后想想再决定要不要用京东吧,Succeed,365.0,0.0588,CB,21.72,jr是IMDb的，最可气的是居然客服还不回，我一直以为京东是服务很好的，没想到是这样的，以后想想再决定要不要用京东吧
穿了3次级很烂了 还褪色,Failed,,,,,
边个想买？蒙牛还是伊利？！,Succeed,1.0,0.2,A,5.81,边个想买？芙坌还是伊利？！
京东自营的送货就是快！第一次买这个牌子的苹果。个子小的不说。最重要的是不新鲜！不新鲜！,Succeed,8.0,0.0263,A,5.8,京东自营的送货就是心夬！第一次买这个牌子的苹果。个子小的不说。最重要的是不新鲜！不新鲜！
不好，说送东西什么多没有,Succeed,12.0,0.1818,B,5.8,补好，说送东西什么多没有
我一直用linux，觉得比xp快很多，很喜欢；键盘比我以前的三星小一点点，轴很结实，屏幕感觉挺舒服，但是厌恶输入法,Succeed,5570.0,0.1364,BAC,304.96,我一直甩linux，觉得比xp快很多，很喜欢；键盘比我以前的三星小一点点，轴很jiēshi，屏幕感觉呵呵，但是厌恶输入法
明明要29的，为什么给我33的。真是够够的,Failed,,,,,
"""面料不错,穿上很舒服 大小合适 衣服不错.""",Failed,,,,,
刚买几天就降价了，相当不靠普啊……。真是无语，等等还会降的!屏幕里面有个黑色点,Succeed,3210.0,0.1515,BAB,402.21,刚买几天就喀伶了，相当补考普啊……。真是无yǔ，等等还会降的!屏幕里面有个黑色点
嘻嘻，男朋友送了一只粉红色的给我用，喜欢死了，2150到手，正品的行货，两块电池跟两充，带数据线，耳机而且还送了钱包（一大一小），感觉好值啊，有时候男人也是很会买东西的嘛，哈！,Succeed,36676.0,0.0563,BAA,4878.04,xx，男朋友送了一只粉红色的给我甩，喜欢歹匕了，2150到手，正品的行货，两块电池跟两充，带数据线，耳机而且还送了钱包（一大一小），感觉好值啊，有时候男人也是很会买东西的嘛，哈！
这苹果这么差也在京东上卖 又硬又不甜 给小孩吃的买的真失败 选择京东就是错误,Succeed,500.0,0.0571,BB,20.91,这苹果这么chā也在京东上卖 又硬又bù甜 给小孩吃的买的真失败 选择京东就是错误
这次京东购买了不少水果，苹果还挺好的，包装正规，每个苹果都用两层泡沫纸包住，为了避免碰伤，而且看起也大，昨晚吃了一个很小个，后来撕开黄色纸发现并不是所有得都那幺小。,Succeed,126.0,0.0135,A,6.64,这次京东购买了不少水果，苹果还挺好的，包装正规，每个苹果都用两层泡沫纸包住，为了避免碰伤，而且看起也大，昨晚口乞了一个很小个，后来撕开黄色纸发现并不是所有得都那幺小。
信号太差了，远不如CDMA其它品牌。,Failed,,,,,
"""住的商务间很大,这样使得看电视很费力,不得已把一个沙发拖过来,床太硬.其他都还好.""",Succeed,8.0,0.0556,A,6.04,"""住的商务间很大,这样使得看电视很费力,不得已把一个沙发拖过来,床太硬.其他都还女子."""
第二次购买，很好吃但是没有第一次买的大和红，还可以。,Succeed,6.0,0.087,C,5.82,第二次购买，很难吃但是没有第一次买的大和红，还可以。
东西好，送货好快，质量很好，值得采购,Failed,,,,,
由于工作的关系，住过很多次，房间及酒店的设施比较老旧，服务不好，我两次将洗发液忘在房间里，查房时没有提醒，等过了几天去问，竟说找不到了。不是每个房间都有宽带，在开房时要提出要求。早餐质量比较差，15元的早餐没什么东西。,Succeed,202.0,0.0421,CB,68.04,由于工作的关系，住过很多次，房间及酒店的设施比较lǎojiù，服务项目不好，我两次将洗发液忘在房间里，查房时没有提醒，等过了几天去问，竟说找不到了。不是每个房间都有宽带，在开房时要提出要求。早餐质量比较差，15元的早餐没什么东西。
听说这个洗发水挺好用的，也入手一瓶，试试好用不，大牌子值得信赖！,Succeed,472.0,0.1786,AA,12.75,听说这个洗发水梃抒甩的，也入手一瓶，试试好用不，大片卑子值得信赖！
外观质地纯美，造型新颖，立体感强，颜色醇厚，操作简单，功能也蛮强，设计不算精巧，也算是朴实无华啦。,Succeed,9683.0,0.1463,ABA,327.55,外观质地绫姜，造型新颖，立体感强，颜色醇厚，操作简单，共能也蛮强，设计不算精巧，也篡晏朴实无华啦。
第二次购买就不怎么诚信了我下次不敢再次购买了,Succeed,55.0,0.2273,BA,12.28,第二次购买就bùzěnme诚信了我下次不丅耳攴再次购买了
一点也不好，像***的地摊货，,Failed,,,,,
钱汇过去半个月，至今不见该书到，不见任何回复，在当当网购书有上当受骗的感觉。,Failed,,,,,
一直用清扬，这个还没用，不知道好不好，用了在说。,Succeed,80.0,0.2,BB,12.02,椅子用请扬，这个还没用，不知道好不好，用了在说。
有人反映过PLUS会员的返利问题吗？为何最高返利0.1%？大部分订单无返利！！！！求说法！！！！,Failed,,,,,
已经第2次入住啦，老板对酒店非常满意哦，不然也不会订了，西西,Succeed,254.0,0.1538,AA,17.74,已经第2次人仵啦，老板对酒店韭棠满意哦，不然也不会订了，西西
用电太快，实在不方便，基本玩两小时,Succeed,6.0,0.0667,D,5.75,用电太快，实在方便，基本玩两小时
"""1，电池不够强大,续航差点 2，内存少了点, 3，无线网络的开关不好.  4，某个键盘松动 5，offcie软件是试用版""",Succeed,13.0,0.0556,C,5.8,"""1，电池比较强大,续航差点 2，内存少了点, 3，无线网络的开关不好.  4，某个键盘松动 5，offcie软件是试用版"""
有破洞 这家店的东西真的不行,Succeed,285.0,0.3077,AB,10.77,有铍洄 这家店的东西真的bùxíng
老公胖了之后就没有裤子穿了 这条算是比较修身的 一穿腿细细的 不过穿上不是很平整 但是质量跟颜色都是棒棒的 包装也很不错哦 喜欢这个品牌,Failed,,,,,
穿起来很舒适效果好是正品商品，和实体店一样很满意 尺码很准 穿起来很合适 料子很舒服,Succeed,2101.0,0.1579,CBC,147.55,穿起来很舒适效果好是假货sp，和实体店一样很失望 尺码很准 穿起来很合适 料子很舒服
有强大的存储空间，铃声蛮大的，配置的游戏也可以。我最欣赏的还是红外线的配置，和朋友来个任意“沟通”！还可以长时间录音``````蛮不错的,Failed,,,,,
还是一样的品质，还是熟悉的味道！,Succeed,1.0,0.1429,A,5.85,还是一样的昴匮，还是熟悉的味道！
很好，相当优惠，值得信赖的商家!,Succeed,41.0,0.3077,AA,11.23,很好，相当伪寒，值得人言束负的商家!
挺多！首先是散热，触摸板右侧 热，很难熬过夏天的！笔记本放在桌子上不平，右下角需垫点东西，说明磨具工艺比较差！没有装系统就算了，随即光盘居然只有vista驱动，找驱动麻烦，新手会比较头疼。,Succeed,3975.0,0.039,AB,66.58,挺多！首先是散热，触摸板右侧 热，很雄憨过夏天的！笔记本放在桌子上不平，右下角需垫点东西，说明磨具工艺比较chā！没有装系统就算了，随即光盘居然只有vista驱动，找驱动麻烦，新手会比较头疼。
很好很好很好很好很好很好很好很好很好很好很好很好很好很好很好很好很好很好很好很好很好很好很好很好很好很好很好很好很好很好很好很好很好很好很好很好很好很好很好很好很好,Failed,,,,,
手机不错。买了几天不仅降价，还送皮套，差评,Succeed,2.0,0.1111,B,5.74,手机不错。买了几天不仅降价，还送皮套，chāpíng
差评，洗了好多头屑，我家三个人都这样，假的，我以前都不会这种情况,Failed,,,,,
做工较精细，铃声效果非常好，屏幕显示效果好，多媒体功能强大，支持MiniSD卡扩展存储，可以对通话进行录音,Succeed,16348.0,0.119,BAC,228.7,做工较糈猡，língshēng效果非常不好，屏幕显示效果好，多媒体功能强大，支持MiniSD卡扩展存储，可以对通话进行录音
很赞，很实惠的平板，清晰度很高，速度也很溜。。,Failed,,,,,
与几月前相比变化不大 用餐便捷实惠 客房干净整洁,Succeed,36.0,0.0909,A,5.89,与几月前木目匕匕变化不大 用餐便捷实惠 客房干净整洁
听朋友说我买了假货了，去百度查了一下，还真的是假货，买后悔了,Failed,,,,,
第一次用沙宣 以前都买阿道夫 还没有用 必须差评 便携装全漏了 这样还便携 我要是带出去不得毁了我所有的化妆品 真是糟心 都是盖子没有拧紧 还有一个试用装没漏但是明显打开过 只有半瓶,Failed,,,,,
这衣服不和心意被骗了,Succeed,54.0,0.2,BB,10.91,这衣服补和心意被piàn了
差评，货不对板,Failed,,,,,
"""普通标准间的房门都太次了,包括卫生间的门,而且钥匙卡很不好用!还不如就住经济间呢!早餐还不错!""",Succeed,5.0,0.0476,C,6.05,"""普通标准间的房门都太次了,包括卫生间的门,而且钥匙卡很不好用!还不如就住经济间呢!午餐还不错!"""
裤子不错哈，很高大上的，感觉蓝的比黑的好看，这牌子质量好，价格合适，性价比高确实不错希望客服人员给点力，还是应该给好评的,Failed,,,,,
没有这支洗发水吖，请速解决,Succeed,1.0,0.1667,A,5.79,役宥这支洗发水吖，请速解决
好评好评，裤子买给我哥的，哥哥说很好，穿的很舒服很帅，以后还会再来,Failed,,,,,
裤子穿第一天就出现了洞，总的来说这条一次性裤子还是不错的，因为是在傍晚才出现的洞，起码熬过了一天。,Succeed,2.0,0.0444,B,5.83,裤子穿第一天就chūxiàn了洞，总的来说这条一次性裤子还是不错的，因为是在傍晚才出现的洞，起码熬过了一天。
京东自营，最喜欢的购物好去处。又快又好，值得信赖，继续努力，再接再厉！京东到家是会送到家门口的哦！,Failed,,,,,
酒店房间空调差得要命，一入房间空调已坏了，等修理二十多分钟才勉强有小小出风，要求换房又说没房，服务实在差得很，而且洗手间细得可怜，点看都不是五星标准，差差差。,Failed,,,,,
朋友买了送了很多东西，所以推荐我买，不过我这个什么都没有送，只有套装里自带的东西。,Succeed,18.0,0.0541,B,5.7,朋友买了送了很多东西，所以tuījiàn我买，不过我这个什么都没有送，只有套装里自带的东西。
看着很高档 用来送人自用都不错 用券买的很划算 就是毛巾线头微多 是纯棉的 浴花手感也不错 10块2盒很便宜了,Failed,,,,,
电池不是6芯的，用起来也就1个半小时吧。 CPU是不是怎么好，不过就上网小游戏绝对没问题,Succeed,4424.0,0.1429,BAD,313.88,dc不晏6芯的，用起来也就1个半小时。 CPU是不是怎么好，不过就上网小游戏绝对没问题
打开包装发现光驱外沿有条白色虚线，好像是蹭的白漆，擦了很久都没完全擦掉。郁闷 ！感觉音响效果较差。,Failed,,,,,
质量不错，卖家推荐的尺码也合适,Failed,,,,,
不错，很好，我喜欢,Succeed,14.0,0.2857,C,5.79,不俗，很好，我喜欢
买过最差的一次，竟然发个11号的给我，21号下的单，22号才收到，都发黄，有腐坏现象了，送给我都不想要。评分一分都不想给，以前还觉得在京东买水果挺好的，想想也不过如此。太差劲了,Failed,,,,,
款式发错了懒得换换差评,Failed,,,,,
太不好用了 难道是假的？ 洗完头皮很痒 很多头屑 尝试失败,Failed,,,,,
我是华为忠诚客户，也是京东忠诚客户。只买京东自营商品，服务好，速度快，价格合理。喜欢,Failed,,,,,
屏幕周围的边儿有点松垮。持续使用，机器还是有些热。触摸板下面的按键手感不好。A面容易沾指纹，需要经常擦。携带重量还是比较大，当然，跟大容量电池不无关系。,Succeed,7144.0,0.0909,BBB,2629.48,pm周围的边儿有点sōngkuǎ。持续使用，jīqì还是有些热。触摸板下面的按键手感不好。A面容易沾指纹，需要经常擦。携带重量还是比较大，当然，跟大容量电池不无关系。
昨天到货，用了一天，暂时没有发现什么问题，像素还行,Succeed,123.0,0.0909,AA,13.76,昨天到货，甩了一天，暂时没有发现什么问题，像素近行
这个苹果不是被催熟的，很甜很脆，棒！,Succeed,13.0,0.1333,C,5.87,这个苹果不是被催熟的，很甜齿痛，棒！
前台处理事物效率低，酒店Wifi不能用，酒店装修噪音大,Succeed,64.0,0.1905,BB,12.41,前台处理事物效率低，酒店Wifibùnéng用，酒店zhuāngxiū噪音大
很不错，就是分量有点出乎意料的重,Succeed,0.0,0.1333,A,5.74,很不金昔，就是分量有点出乎意料的重
超级不好，收到货的时候已经有两个火龙果腐烂了，唉,Succeed,71.0,0.2273,BA,13.82,超级bùhǎo，收到货的时候已经有两个兴赴厘腐烂了，唉
服务态度不好，裤子回来不能穿，但也没退货，太麻烦,Succeed,98.0,0.2857,CB,13.98,服务质量补好，裤子回来不能穿，但也没退货，太麻烦
昨天到的，用了一下特别好，头发柔顺，绝对超值,Failed,,,,,
非常不错，超市里还有买到假货的时候，但是，京东自营的非常放心，家里几件大的电器都是买的京东自营的，信赖京东自营，这洗头膏家里人用过后，都说好，非常棒，以后就京东自营了！,Succeed,1139.0,0.0541,AA,22.52,非常不金昔，超市里还有买到假货的时候，但是，京东自营的非常放心，家里凡忤大的电器都是买的京东自营的，信赖京东自营，这洗头膏家里人用过后，都说好，非常棒，以后就京东自营了！
唯利是图，缺乏责任心和奉献精神。,Succeed,2.0,0.1429,B,5.92,唯利是图，quēfá责任心和奉献精神。
这样明显烂了的，怎么能给卖呢？？？？？,Failed,,,,,
用俩天就黑屏啦,Succeed,2.0,0.2857,B,5.74,用俩天就hēibīng啦
右侧兜里有洞，衣服上都是那种白色的小毛毛，不知道什么鬼！,Succeed,8702.0,0.2,ACB,125.52,右侧兜里有洞，yf上时都是婺秧白色的小毛毛，不知道什么鬼！
京东自营的客服非常渣，一点售后保障都没有，物流显示签收了订单就自动完成了。 买的东西没有问题那是你点子高，如果有问题，别想得到满意的解决，京东客服的态度太牛气了。 买家都不能主动选择是否退换货。,Failed,,,,,
"""质量非常好，与卖家描述的一致，非常满意,真的很喜欢，发货速度非常快，物流公司服务态度很好，运送速度很快，很满意的一次购物""",Failed,,,,,
好吃，物流也很快，期待下一次购买,Succeed,0.0,0.1429,A,5.79,女子口乞，物流也很快，期待下一次购买
物流神速，手机还没用，用后再评,Succeed,4.0,0.1538,B,5.69,物流渗速，手机还没用，用后再评
掉色非常严重，手都成这种颜色自己还不觉得，还是朋友告诉我的,Failed,,,,,
运费太贵，非常讨厌，这个我到后来收货时才发现，就是*人的，以后不会再买！！京东有时也与水果商狼狈为奸！,Succeed,4539.0,0.1628,ACB,805.21,运费太贵，非常喜欢，这个我到后来收货时才发现，就是*人的，以后不会再m！！京东有时也与水果商狠驭岑拆！
收到后过水，盆里一层黑色绒线。晾干后，贴身穿在身上，脱下后上身一层黑色绒线，真是糟透了！,Failed,,,,,
物流太慢了质量一般,Failed,,,,,
苹果一般般，个小还有一个烂了。,Succeed,1.0,0.1538,A,5.94,莩厘一般般，个小还有一个烂了。
有的房间没有窗户。 很闷！监狱的感觉。。。 幸亏第二天换个房子。,Failed,,,,,
沙宣的这款洗发水是真不错，洗了头发感觉保湿效果不错，老公还说这个洗发水还挺好的，正好搞活动买的还挺划算的，一直信赖京东，京东的快递服务也不错，小哥挺热情,Succeed,75825.0,0.0857,AAA,1395.31,沙宣的这款洗发水是真不错，洗了头发感觉人呆水显交攴果不错，老公还说这个洗发水还挺好的，正好搞活动买的还挺抄篡的，一直信赖京东，京东的快递服务也不错，小哥挺热情
酒店设施陈旧，服务态度差,Failed,,,,,
发货那么慢，而且还发错了颜色，联系客服没人理,Failed,,,,,
一般，不是很好，屏幕不是很清晰，时间看长了眼睛疼,Succeed,213.0,0.1429,BB,11.14,一般，búshì很好，屏幕不是很清晰，时间看长le眼睛疼
不错，推荐，苹果特别甜而脆，就是个头小点，但不妨碍，特别好吃,Failed,,,,,
不怎么样，不想买《下》了。文字拖泥带水，故事节奏感也不强，看不下去。,Failed,,,,,
一般般，跟图片差别很大。假货！,Failed,,,,,
一直用沙宣 怀疑这个是假货 护发素香味差很多 而且洗完后第二天就油了 前面的沙宣洗了就不会这样 一直都信任京东 这次真的很失望,Failed,,,,,
我只想说，这本书是一个无耻之人的无耻自白。胡兰成这种人那时候有，现在也有。 贪婪混浊，自私无耻，还倍拿自个儿当根葱。,Failed,,,,,
位置挺好，标准间特宽敞，服务水平一般．若到星海广场玩一天并晚上观看剧场真人秀可选此店入住．,Succeed,92.0,0.0732,AC,23.75,位置挺不好，标准间特宽尚攴，服务水平一般．若到星海广场玩一天并晚上观看剧场真人秀可选此店入住．
刚到还在用，机子不错，手感不怎么样。,Succeed,0.0,0.2667,A,5.97,刚到还在用，机子不错，手感不怎么木羊。
买了一盒酸奶，出门发现是蒙牛，仔细一看觉得牛哥太有才了。,Succeed,5842.0,0.2,CBB,131.98,买了一盒酸奶，出门发现是mn，仔细一看觉得洪醒夫太有cái了。
我第一次在京东买东西，质量超级差劲。东西还没有用到半个月触屏就坏掉了。,Succeed,2.0,0.0625,B,5.91,我第一次在京东买东西，质量超级chàjìn。东西还没有用到半个月触屏就坏掉了。
11个，还小，最多4斤。上当了。以后不会买了,Failed,,,,,
"""外观可以，系统真难装,LINUX 系统根本不能装 GHOST 版本的XP 装了一晚上也没装好 而且刚买就降100""",Succeed,0.0,0.0882,A,6.01,"""外观可以，系统真又隹装,LINUX 系统根本不能装 GHOST 版本的XP 装了一晚上也没装好 而且刚买就降100"""
再也不喝蒙牛的了。 谁敢喝？ 蒙牛为什么还在销售？为什么还有人买啊？ 抵制蒙牛抵制蠢货！这比抵制日货更为紧迫多了！,Failed,,,,,
一共买了全套，共六本，第一本就根本看不下去，很失望,Succeed,162.0,0.1818,AB,11.84,一共买了全套，共六本，第一本就抿茇看不下去，很shīwàng
不好，用了好多头皮屑，下次不买了,Failed,,,,,
冷链生鲜在你配送点积压一天差评！开箱有两个坏果差评！,Failed,,,,,
看过于丹解读论语的视频，受益匪浅，想要买本书来收藏。明明都提交成功了，却没到货，无比郁闷……,Succeed,16051.0,0.1538,BCB,637.76,看过于丹解读论语的视频，受益匪浅，想要买běnshū来收藏。明明都tíjiāo顺利了，却没到货，无比郁闷……
太差了，这次在京东买的太令人失望了，都不能吃的你还发过来干嘛,Succeed,3341.0,0.1786,BCB,113.89,tc了有，这次在京东买的太令人失望了，都bùnéng吃的你还发过来干嘛
不脆，粉的，不新鲜，上当了，不会再买。,Failed,,,,,
"""很快就收到了，质量非常好，做工精细，款式简单大方非常满意,真的很发货速度非常快""",Succeed,2169.0,0.0857,CA,18.05,"""很快就歧剁了，质量非常不好，做工精细，款式简单大方非常满意,真的很发货速度非常快"""
差 差差 服务质量都不相符,Failed,,,,,
潘苹果的红富士真的好甜好好吃阿，比水果店的好很多,Succeed,14.0,0.087,C,5.8,潘苹果的红富士真的好甜好难吃阿，比水果店的好很多
感觉是*的似的，盒子怪味太大，洗头水都漏出来了！,Succeed,135.0,0.25,BA,14.15,感觉是*的似的，盒子心圣口未太大，xǐtóushuǐ都漏出来了！
给朋友买的平板，没有问题，相信京东自营。华为品质，值得信赖,Failed,,,,,
还行 物流很快,Succeed,4.0,0.3333,B,5.77,还行 物流狠快
垃圾商品，分辨率，摄像机都很差拍的都没有山寨手机好,Failed,,,,,
很新鲜，红扑扑的，快递小哥辛苦了,Succeed,12.0,0.0714,B,5.83,狠新鲜，红扑扑的，快递小哥辛苦了
一般 塑料味太重 质量与价格不匹配,Succeed,166.0,0.2,BA,10.8,一舟殳 塑料味太重 质量与价格b匹配
"""京东最便宜的14寸本,塑料外壳,性价比高,T4200的CPU,G40的主板,DVD刻录,160G的硬盘,配置上真的很有性价比,现在主流的配置,好!""",Succeed,8934.0,0.1395,ABA,349.5,"""京东最便宜的14寸本,塑米斗外壳,心生人介匕匕高,T4200的CPU,G40的主板,DVD刻录,160G的硬盘,配置上真的狠有性价比,现在主流的配置,好!"""
货已经拿到，问题是没有充电器，耳机，请问店家，我充电怎么办，你就给我一个裸机？,Succeed,33520.0,0.1515,CBB,206.09,h已经拿到，问题是没有充电器，耳机，答diànjiā，我充电怎么办，你就给我一个裸机？
有一小瓶渗漏出来，不开心,Failed,,,,,
修身，款型好，穿着舒适，喜欢！,Failed,,,,,
我这次住的超好，现在前面的几栋楼房间都是新装修的，超大的液晶电视机，可以用来上网，爽极了，物超所值，不过有涨价了，原来300，现在330了，不知道还会涨不？,Succeed,47.0,0.0645,A,6.14,我这次住的超好，现在前面的几栋楼房间都是新装修的，超大的液晶电视机，可以用来上网，爽极了，牛勿超戶斤人直，不过有涨价了，原来300，现在330了，不知道还会涨不？
非常不好的一次购物。失望。再也不会在京东上买水果了。和水果超市同样的价钱 但是个小 烂的烂 青的青。如果有时间还是要去超市自己购买。很不值。不新鲜 味道一般般。如果对生活品质有要求，还是不建议购买的。,Succeed,14862.0,0.046,BDB,3642.52,非常好的一次购物。shīwàng。再也不会在京东上买水果了。和水果超市同样的价钱 但是个小 烂的烂 青的青。如果有时间还是yào去超市自己购买。很不值。不新鲜 味道一般般。如果对生活品质有要求，还是不建议购买的。
款式，厚薄，颜色都十分满意，质量不错，与预计的一样，商品描述一致。,Succeed,7951.0,0.2222,AAA,153.94,士示欠式，厚薄，彦页色都十分满意，质量不错，与预计的一样，商品描述二帑。
充电器接口太烂，充电器连接线坏了，总之太差了！！！！！！差差差,Failed,,,,,
喜欢 方便 用量省 主要也便宜 特别喜欢京乐的东西购物方便 实惠 送货快 东西好 节省逛超市的时间 主要东西质量也好,Failed,,,,,
705用了一段时间，摔过N次，强，居然没出现任何问题，捡起来照样使没问题，这让我没想到的，还能上网，这个价位这个质量可以了。输入法呢，一定要把联想关了，还是很快的，用习惯了，发短信会很快。通话质量不错，声音清晰，这机子不错,Failed,,,,,
拒绝蒙牛已不需要理由。 看见的了恶心的蒙牛,Succeed,63.0,0.2105,BB,12.2,jùjué蒙牛已不需要理由。 看见的了ěxīn的蒙牛
这是第三次买了，没前两次好，虽是中小苹果，但没有前两次大个，三分之一的苹果皮都是皱的，明显的水分不足！还有撞烂的，表面看上去没撞，但一削皮就显现了！不甜不脆不好吃！,Failed,,,,,
衣服不错就是偏大，已申请换货，衣服还是挺满意,Succeed,80.0,0.2,CA,11.25,衣服不金昔就是偏大，已申请换货，衣服却是挺满意
质量不错 手感不错 还是很不错的 值得购买,Failed,,,,,
清扬洗发露，味道好闻，促销购买，送的吹风机比较小，不太实用总体来说还是挺实惠的，嗯，推荐购买,Failed,,,,,
收到苹果啦 发货速度很快 看着苹果也不错 整体来说非常满意的一次购物,Failed,,,,,
总体不错，值得推荐的好产品，性价比高。,Succeed,469.0,0.1875,CC,11.09,总体极不好，值得推荐的好产品，性价比高。
外观简洁漂亮、重量也比较轻，配置的话，就大学生而言绝对够用了。 散热性也比我自己的hp要好。,Succeed,479.0,0.1053,AA,26.43,外观简洁漂亭、重量也比较轻，配置的话，就大学生而言侮劝够用了。 散热性也比我自己的hp要好。
以前一直用这个品牌的，一直不错，但愿这次仍然好评，待用过之后再来追评,Failed,,,,,
"""酒店整体环境感觉不错,服务态度好,除了卧室太小,房间内的两个床挨得太近,几乎可以滚到一块外,整体感觉都不错.""",Failed,,,,,
服务员太差，房间很吵，隔音不好，房间味道很重，很一般，不如稀土国际大酒店好，收费有低，还是四星，服务很好，离火车站方便,Succeed,548.0,0.06,BB,26.27,服务员太chā，房间很吵，隔音不好，房间味道很重，很一般，不如稀土国际大酒店好，收费有低，háishì四星，服务很好，离火车站方便
袖口链接做工太差了，连接处的做工简直无法直视。衣服拉链看起来也很差，洗几次就会掉色，到时候更难看。早知道这样就不买了。看来还是不应该在网上买衣服。买都买了我也不想退换了懒得折腾，就当花钱买教训，下次坚决不在网上买衣服。,Failed,,,,,
收到货后实在是太失望了，与这宣传的图片差得太多，又小又不新鲜，不值这个价，有上当的感觉。大家还是别买了。,Failed,,,,,
用了不到两个月，耳机就坏了，打电话看电视一定要用耳机才可以听到，拔了看就没声音，郁闷死了，X2唯一的优点就是屏幕大，内存没有说的16G，充电器充久了会烫手，索尼充电器就不会，以后打死不买国产手机,Failed,,,,,
买完降价了，店家服务还不错，但安装售后太黑了安装费竟然漫天要价，一开口要378，我不肯买单，打了400的服务电话投诉后降价到260，真心黑，太恶心了。,Failed,,,,,
看了评价不错就选择了这家，结果挺失望的，房间和照片不符，很老旧，淋浴间也小的可怜，只够转个身。。。本来打算住两天的，要不是房费先网上预付的，就凑合住了一晚，不然一天都忍不了。,Succeed,6607.0,0.0533,BB,57.39,看了评价不错就选择了这家，结果挺shīwàng的，房间和照片不符，很lǎojiù，淋浴间也小的可怜，只够转个身。。。本来打算住两天的，要不是房费先网上预付的，就凑合住了一晚，不然一天都忍不了。
配送太慢了，还要找经销商要，没货就别卖呗。,Succeed,48.0,0.1111,B,5.98,配送太满了，还要找经销商要，没货就别卖呗。
看起来不错，不过还没有用，打折囤货,Succeed,134.0,0.2667,BA,10.92,看起来不错，不讨还没有用，打折吨货
丹顿公子的尺码我是真的不懂，2次了，就当喂狗了，我也难得花钱寄回来。拜拜,Succeed,13884.0,0.1935,BAB,205.86,dāndùn公子的尺码我是镇的不懂，2次了，就当喂狗了，我也雄溻花钱寄回来。拜拜
出差离机场近，设施旧了,Failed,,,,,
这是购买的第二条，第一条是浅灰，感觉挺好；这一条深灰色，布料和前一条完全不一样，穿一次后布料起毛、起球，根本没办法再穿出去，很失望，商家质量控制能力需要提高。,Failed,,,,,
满意，很满意，超级2大瓶，还有2小瓶，适合出差携带的简便装，赠品是吹风机，好奢侈啊，很小巧，价格很美好，活动买的。速度快啊，赠品是另外送的，不是一块送的。,Succeed,12942.0,0.0968,ACB,1421.45,失望，很满意，超级2大瓶，还有2小瓶，适合出差携带的简便装，赠品是吹风机，好奢侈啊，很小工丂，价格很没好，活动买的。速度快啊，赠品是另外送的，不是一块送的。
拆开后屏幕表面有指纹还有充电器塑料膜上也有指纹，机子体验差拖影严重刷微博看文字图片简直不能忍其他方面还未发现问题，总之失败的一次购物,Failed,,,,,
字有点小，键盘白色部位做工没有黑色屏幕那里好，触摸键太灵一不小心就碰到，散热一般，玩了四个小时极品比较烫-。-！,Succeed,588.0,0.0833,AA,25.34,字有点小，键盘白色部位做工没有黑色屏幕婺男好，触摸键太灵一不小心就碰到，散热一般，玩了四个小时极品比崭烫-。-！
感觉屏不是很灵活，不知道是不是膜的问题,Succeed,2.0,0.1111,B,5.75,感觉屏不是很línghuó，不知道是不是膜的问题
收到货时，想着个头虽小，样子看上去还挺新鲜的，想给好评来的，没想到这么恐怖！,Succeed,4641.0,0.2121,BAC,193.81,收到货时，想着个头虽小，样子肴上玄还挺美味的，想给好评来的，没想到zm恐怖！
用了一段时间了，还不错！大牌子就是大牌子,Failed,,,,,
清扬洗发液一直用，很不错?和同事一起拼的，买了两个套装一人一半搭配?，套装真便宜，味道很香，出现洗发液露出，只要质量没问题，漏点都是小事。京东自营快递一直都是棒棒哒，快递师傅第三天中午就送到了?,Failed,,,,,
酒店的外、内部环境还是很不错的，服务生的服务意识也还可以，但里面吃的东东有些贵，另外携程确认定单时间有些拖延，打车到了宾馆后，被通知没有３２０元的房间了，只能住５２０的了，呜．．．对于自助旅行的偶来讲，有些奢侈．．．．．,Succeed,1312.0,0.046,AA,61.79,酒店的外、内部坏矩还是很不金昔的，服务生的服务意识也还可以，但里面吃的东东有些贵，另外携程确认定单时间有些拖延，打车到了宾馆后，被通知没有３２０元的房间了，只能住５２０的了，呜．．．对于自助旅行的偶来讲，有些奢侈．．．．．
如果不给星那是最好，一共6个，这是剩下的5个，第一个是坏的但没拍照，大家自己看！,Succeed,579.0,0.0909,CB,17.39,如果埗给星那是最出色，一共6个，这是剩下的5个，第一个是坏的但没拍照，大家自己看！
京东太坑了。双十二比平时还贵,Succeed,63.0,0.3077,BB,10.8,jīngdōngtk了。双十二比平时还贵
房间在深圳宾馆来说空间算大。不过细节服务不够。还不如深圳的上海宾馆。补充点评 2008年7月21日 ： 床的舒适度还是很满意的。,Succeed,27440.0,0.0816,ACA,307.5,房间存深圳宾馆来说空间篡太。不过细节服务不够。也不如深圳的上海宾馆。补充点评 2008年7月21日 ： 床的舒适度还是很满意的。
搞个破洞的裤子，最差的一次购物,Succeed,6.0,0.1429,C,5.75,搞个破洞的裤子，最出色的一次购物
除了相机比较差之外，其他都很好，反应速度很快，屏幕也很清晰。,Succeed,359.0,0.1538,AA,13.92,阜余了楫扔比较差之外，其他都很好，反应速度很快，屏幕也很清晰。
差距太大，都是又小又生的，一点也不好吃，别说7.5cm就连5cm几乎都没有,Failed,,,,,
这个洗发水第一次用，给一颗星，洗了头发以后一天就必须洗头，以前我都是3天头发都很好的那种，真心哭死，终于懂头发油的人的痛苦了,Succeed,22324.0,0.0893,AAA,1248.44,这个水先发水第一次用，给一颗星，洗了头发以后一天就必须洗头，以前手戈都晏3天头发都很好的那种，真心哭死，终于懂头发油的人的痛苦了
全是坏苹果，外表好看，芯都烂的，没注意咬到了，恶心死我了,Succeed,803.0,0.125,BB,17.73,quánshì坏苹果，外表好看，芯都魅蓝的，没注意咬到了，恶心死我了
京东配送真快，上午下单，下午到货，苹果很不错，保质保量……,Succeed,606.0,0.1304,AA,14.02,京东配送真心夬，上午下单，下午到货，苹果很不金昔，保质保量……
拿图片期骗消费者，收到货失望,Failed,,,,,
"""我是头一次到九寨沟,通过携程预先订了格桑.去到后发现自己被误导了,这个酒店较旧,感觉很脏,服务一般.旁边有很多酒店,没进去,但感觉比格桑要好.下次去,首选是不住格桑了,挑其他的试试.""",Succeed,4306.0,0.038,BB,50.53,"""wǒ是头一次到九寨沟,通过携程预先订了格桑.去到后发现自己被误导了,这个jiǔdiàn较旧,感觉很脏,服务一般.旁边有很多酒店,没进去,但感觉比格桑要好.下次去,首选是不住格桑了,挑其他的试试."""
这款洗发水挺适合我的发质，用完果断续上一瓶，还搞了个特价，值了！,Failed,,,,,
好看就是好看嘛,Failed,,,,,
地理位置不错，房间里设施较旧，属于比较好的三星酒店，基本有准四星的程度,Succeed,0.0,0.0625,A,5.91,地理位置不金昔，房间里设施较旧，属于比较好的三星酒店，基本有准四星的程度
单位搞活动时候买的，非常满意,Failed,,,,,
安静 干净价格公道 窗外的景致不错 如果你要安静的住宿环境 可以选择它,Succeed,132.0,0.1935,AB,14.37,安静 干净假格公道 窗外的吊帑不错 如果你要安静的住宿环境 可以选择它
服务态度不好 屋内环境一般 插座也不能用,Failed,,,,,
好东东!名牌苹果，好产品，销售优惠幅度大，方便快速，产品极好! 京东销售的商品好，京东活动多多优惠多多! 京东快递服务好速度快，赞一个。 祝京东发展壮大,Succeed,3880.0,0.0794,ACA,336.94,不好东东!名片卑苹果，好产品，销售伪寒幅度大，方便快速，产品极好! 京东销售的商品好，京东活动多多优惠多多! 京东快递服务好速度快，赞一个。 祝京东发展壮大
没话说，花花公子值得信赖???,Failed,,,,,
看上去东西不错的！刚试一下，还是挺新鲜的！,Failed,,,,,
裤子也就那样了 差评,Failed,,,,,
信赖京东，苹果没的说，个头也大，买好几次了,Succeed,8.0,0.1111,A,5.79,人言束负京东，苹果没的说，个头也大，买好几次了
"""地理位置不错,出门就是步行街.晚上没事了,出去吃当地的小吃很方便.相比宝龙,就显的旧了些.""",Succeed,1112.0,0.1026,AA,24.03,"""地理位置不金昔,出门就是步行街.晚上没事了,出去吃当地的小口乞很方便.相比宝龙,就显的旧了些."""
"""因高速路堵没有在预定时间到达,和酒店携商廷后无果被强行取消订单。锦江以后还能入住吗？望给个说法。""",Succeed,2.0,0.0227,B,6.19,"""因高速路dǔ没有在预定时间到达,和酒店携商廷后无果被强行取消订单。锦江以后还能入住吗？望给个说法。"""
挺好的，一直用这个品牌，大爱款,Failed,,,,,
条件一般，但是位置不错而且价钱便宜，有班车往返机场。,Succeed,73.0,0.1739,BA,14.37,条件二股，但是位置不错而且价钱便宜，有班车往返jīchǎng。
很不错的酒店，环境优美，设施也很新。可以看到东湖，周围交通也比较方便。要注意的是其实离武大本部还是挺远的。,Succeed,18175.0,0.1702,AAA,474.11,很不金昔的酒店，坏矩伪姜，设施也很新。可以看至刀东湖，周围交通也比较方便。要注意的是其实离武大本部还是挺远的。
吃了一个 咬到了一口烂的 真是说什么好呢 其它的还没尝 相信京东自营,Succeed,29.0,0.0333,C,5.88,吃了一个 咬到了一口番茄的 真是说什么好呢 其它的还没尝 相信京东自营
好，很好，非常好。唯一可惜的是同款式颜色不齐全。,Succeed,5.0,0.05,C,5.88,不好，很好，非常好。唯一可惜的是同款式颜色不齐全。
质量很好，穿起来也很舒服！下次再买,Succeed,114.0,0.2,AB,10.96,质量很好，穿起来也很束缚！下次勇买
我简直无语。下大雨。连个帮拿箱子的人都没有。看见人家美国护照的帮人家拿。我真日了狗,Succeed,504.0,0.1081,BB,17.57,我简直wúyǔ。下大雨。连个帮拿箱子的人都美柚。看见人家美国护照的帮人家拿。我真日了狗
衣服厚实做工很好质量不错衣服很合身态度不错,Failed,,,,,
已经被打开过，瓶口已经漏出来了，和超市买的完全不一样,Failed,,,,,
烫得不行了，我知道你们这帮龟孙子不给换的，所以我也不打算换了,Succeed,133.0,0.1071,AB,15.4,谚溻补行了，我知道你们这帮龟孙子不给换的，所以我也不打算换了
一入住，就有服务员送来水果和报纸，服务很好，结账速度很快。,Succeed,52.0,0.04,C,5.94,一入住，就有服务员送来水果和报纸，服务很不好，结账速度很快。
京东太坑，所有自营商品都不是京东商城自己卖的，大家上新闻看看就知道了！,Succeed,2.0,0.0625,B,6.02,京东tàikēng，所有自营商品都不是京东商城自己卖的，大家上新闻看看就知道了！
1。发货速度超慢。2。收到苹果时，大部分是烂坏的苹果。,Succeed,24.0,0.1,A,5.83,1。发货速度超心曼。2。收到苹果时，大部分是烂坏的苹果。
假的，这买完有一段时间了，现在头痒的每天都要洗，以前在超市买的一样的清扬，三天洗头都不痒，第一次在京东买到假货，可怜了这么多年对京东的支持,Succeed,4100.0,0.0794,AAB,556.17,人叚的，这买完有一段时间了，现在尖蓬的每天都要洗，以前在超市买的一样的清扬，三天洗头都bùyǎng，第一次在京东买到假货，可怜了这么多年对京东的支持
了我也想要一个可以让我去找你啊你,Succeed,9.0,0.0625,B,5.82,了我也想要一个可以让我qù找你啊你
先涨价返券，现在又降价，你们的促销手段能有点创新吗？,Succeed,2.0,0.087,B,5.78,先涨价返券，现在又jiàngjià，你们的促销手段能有点创新吗？
"""交通方便,环境优美,很幽静,空气也很清新补充点评 2008年5月4日 ： 价格合算""",Failed,,,,,
觉得触摸板是个鸡肋，其实压力帽已经很完美了，，触摸屏很是没什么用处，而且还不好用,Succeed,398.0,0.1111,CB,16.97,觉得触摸板是个鸡肋，其实压力帽已经很完美了，，触摸屏很是没什么yòngchǔ，但是还不好用
手机边有刮痕，应该是做工问题，充电线头有污记，给爸买的，说算了懒得退换,Succeed,93.0,0.129,BB,19.44,手机边有guāhén，应该是做工问题，充电线头有wūjì，给爸买的，说算了懒得退换
一星是给快递员的，装了卡后盖子都不能盖严实，跟客服反应问题一直跟我扯是卡的规格问题，microSD卡能有其他大小？,Failed,,,,,
自我感觉不怎么样 颜色不喜欢,Failed,,,,,
太差了，用了长头皮屑。。。。。。。。。。。。。。。。,Failed,,,,,
"""天好冷,突然觉得蒙牛好温暖啊蒙牛蒙牛""",Succeed,229.0,0.1765,AC,11.26,"""天坏冷,突然觉得蒙牛好水昷日爰啊蒙牛蒙牛"""
这次最差了，有七八个撞坏了，保护膜应该加厚一层，,Succeed,2.0,0.0952,B,5.77,这次zuìchā了，有七八个撞坏了，保护膜应该加厚一层，
您是问评价卖家的地方嘛！您可以登陆您买东西的旺旺，然后点击左侧的—淘—已买到宝贝，您会看到在您买到需要评价的东西后边有个给对方评价的按钮，点一下进去说您对卖家的评价，别忘了底下的5个星，全点亮，就OK了,Succeed,1686.0,0.0225,AA,34.88,您是词评价卖家的地方口麻！您可以登陆您买东西的旺旺，然后点击左侧的—淘—已买到宝贝，您会看到在您买到需要评价的东西后边有个给对方评价的按钮，点一下进去说您对卖家的评价，别忘了底下的5个星，全点亮，就OK了
设施一般，二三星标准，优点就是离机场近，有接送车,Succeed,39.0,0.1905,AA,11.26,设施一舟殳，二三星标准，优点就是离木几场近，有接送车
特别差，物流态度还不好,Failed,,,,,
没打蜡的，感觉很不错，配送很快感觉很好，值得拥有！,Failed,,,,,
一直京东买，很好，送货上门，快递又快，服务好，赞一个。,Succeed,612.0,0.1429,AC,11.9,一直京东买，很不好，送货上门，快递又快，腋庑好，赞一个。
超喜欢 双扬声器超叼 非常满意的一次购物,Succeed,13.0,0.1111,C,5.88,超讨厌 双扬声器超叼 非常满意的一次购物
服务太差！物流太慢！,Failed,,,,,
质量特别差，返修率特高，我换了好几个都不好用，找了个朋友看了一下，他说给我换的全是返修机，大家千万别买啊！！要买韩国的机器还是三星和LG的！！,Succeed,261.0,0.0667,AC,39.06,质量特别麦，P10特高，我换了好几个都不好用，找了个朋友看了一下，他说给我换的全是返修机，大家千万别买啊！！要买韩国的机器还是三星和LG的！！
很好，贴上后手感好，清晰！,Succeed,5.0,0.1,C,5.98,很不好，贴上后手感好，清晰！
不满意的是下午刚买完拍下，晚上就降价了。,Succeed,1.0,0.0556,B,5.85,bù满意的是下午刚买完拍下，晚上就降价了。
这次没有定行政间，想看看普通大床和行政房的区别。发现房间还是不错的。床很大。服务态度还不错，门口换了女门童，笑容不错。前台接待和礼宾部的服务也不错。,Failed,,,,,
外观不好，看上方方正正的，而且颜色也单调！翻盖不是很流畅，看来质量不是很好！这么贵的价格，功能居然还是很单一，象时尚MP3、可以免费下载音乐的JAVA，或者手写笔什么的；只是有一些细节功能，像语音报时什么的。觉得买的不值。,Succeed,1114.0,0.022,BA,46.68,外观bù好，看上方方正正白勺，而且颜色也单调！翻盖不是很流畅，看来质量不是很好！这么贵的价格，功能居然还是很单一，象时尚MP3、可以免费下载音乐的JAVA，或者手写笔什么的；只是有一些细节功能，像语音报时什么的。觉得买的不值。
C208较之于其它的直板手机而言，拥有着更弦的铃声，一般的直板手机在铃声上多以4和弦及16和弦音居多，而三星在铃声的要求上，一贯都很前卫，C208直板型手机同样也不落后，其采用40和弦铃声，使它具有声、型、色于一身的完美结合。,Failed,,,,,
坏了好多/不过卖家愿意赔偿~~~~就是苹果放着泡沫一股异味/不放心吃啊啊啊啊啊,Succeed,772.0,0.0909,BA,19.73,h了好多/不过卖家愿意贝咅人尝~~~~就是苹果放着泡沫一股异味/不放心吃啊啊啊啊啊
到货慢，服务差,Failed,,,,,
褪色严重，一分价钱一分货。购买者，小心谨慎。,Failed,,,,,
洗完头发涩，没有以前顺滑，难带买到假货了？,Succeed,205.0,0.1667,BC,12.48,洗完头发美眉，没有以前顺滑，难带买到jh了？
"""键盘,导航键不是太敏感,就是太迟钝,给手机充值,要重复3,4次才能正确输入充值卡号.菜单也不人性话,没NOKIA好用.""",Succeed,96432.0,0.1364,AAA,839.08,"""键盘,导航键不是太敏感,捺晏太迟金屯,给手机充值,要重复3,4次寸皎正确输入充值卡号.菜单也不人性话,没NOKIA好用."""
本来收到了很高兴，打开一看太失望了，从来买东西没这么失望过，以后再也不在京东买这种水果了。,Succeed,51385.0,0.122,CBB,400.48,běnlái收到了非常高兴，打开一看太失望了，从来买东西没这么失望过，以后再也不在jīngdōng买这种水果了。
无硅油洗发水健康，用起还可以，就是比普通洗发水用后干燥一点,Succeed,62.0,0.1481,AA,13.78,无硅油洗发水傩赓，甩羟还可以，就是比普通洗发水用后干燥一点
HP的品牌还是不错，做工好，我原来就有一台HP的M2000，是但是的低端机一直没坏过。相比起来现在的做工好多了。配置够用就好。,Succeed,159.0,0.0833,AA,23.61,HP的品牌还是不镨，戕工好，我原来就有一台HP的M2000，是但是的低端机一直没坏过。相比起来现在的做工好多了。配置够用就好。
没有24小时免费服务电话联系十分不便，请尽快解决，你们每天9---21时才接电话，你们难道在欧洲，我们7：30就上班了，上帝都上班了，你们难道还要睡觉，等上帝给你们叫醒送钱给你们吗？快改改了，拜托！,Failed,,,,,
综合性价比绝对超过神舟的 有大牌的保证 最好的就是还有一年的意外全包 让人使用的时候超级放心 比我曾经用的家用机严重稳定细节方面家用机差的太远了 黑色永不掉色 耐看 大方美观,Succeed,100.0,0.025,A,5.96,综合性价比侮劝超过神舟的 有大牌的保证 最好的就是还有一年的意外全包 让人使用的时候超级放心 比我曾经用的家用机严重稳定细节方面家用机差的太远了 黑色永不掉色 耐看 大方美观
没用，好像和图不一样,Failed,,,,,
"""房间不错,设施也过得去,感觉走廊的装修挺有特色,服务态度也不错.""",Failed,,,,,
位置好!性价比好!环境好!缺点是较旧.,Succeed,0.0,0.2,A,5.87,位置好!心生人介匕匕好!环境好!缺点是较旧.
不得不说，这都是假货，东西上面贴个标签就是丹顿公子了？发过来的东西都不是一个,Succeed,6715.0,0.1714,CBB,206.6,不得不说，这都是爱马仕，洞悉上面贴个标签就是dāndùn公子了？发过来的东西都不是一个
卖家服务态度好，东西很好，下次继续光临,Succeed,29.0,0.0588,C,5.65,卖家服务态度不好，东西很好，下次继续光临
房间还不错，就是小了点。客房服务员还满负责任。早餐好贵。,Succeed,55.0,0.1667,AA,13.77,房间还不金昔，就是小了点。客房服务员还满负责任。旱葚好贵。
"""这个酒店的所谓河畔全景房就是靠近拉萨河这边的房间,网友说的比较吵是因为在房子和河流之间有一条马路,整天都有车辆经过,比较吵就不奇怪了!""",Succeed,60.0,0.0317,C,6.29,"""这个酒店的谬论河畔全景房就是靠近拉萨河这边的房间,网友说的比较吵是因为在房子和河流之间有一条马路,整天都有车辆经过,比较吵就不奇怪了!"""
自己有一个 用着很好 给妈妈拍了一个,Succeed,35.0,0.0625,C,5.76,自己有一个 用着很不好 给妈妈拍了一个
发货很快，刚收到，用起来还可以,Succeed,50.0,0.2308,AB,11.08,发货hk，刚收到，甩起来还可以
军队开的酒店，服务非常僵硬，发票特殊发票,Succeed,2.0,0.1111,B,5.76,军队开的酒店，服务非常jiāngyìng，发票特殊发票
东东不错，包装不好，口开了，流到全箱都是，里面的东东全是洗发水，郁闷,Succeed,46.0,0.069,B,5.87,东东不错，包装bùhǎo，口开了，流到全箱都是，里面的东东全是洗发水，郁闷
无硅油洗发水对头发好，做活动买的性价比超高。,Succeed,349.0,0.25,AA,13.52,无硅油洗发水对头发好，做水舌云力买的心生人介匕匕超高。
老爸用的，还不错，应该是正品,Succeed,51.0,0.25,AC,11.21,老爸甩的，还不错，应该是假货
梦中我也当上了常委。＂下面请向小田同志讲话。＂我一个健步走上前，拿着话筒，说道：＂记者朋友们，你们辛苦啦！在进入正题之前，请容许我感谢本届大会的赞助商，正宗好凉茶加多宝、香飘飘蒙牛酸酸乳、、、＂,Failed,,,,,
什么破电话，用了十天，充电根本充不进去，拿去客服说得反场，这又等了一个星期，客服还没到货。,Failed,,,,,
还领鲜一步，怎么不去死呢！一个个的长得歪瓜裂枣的，有异味不说还很脏！这也好意思拿来卖给顾客，真不知道是安的什么良心。,Failed,,,,,
服务没有最坏只有更坏.先是早上没热水然后电梯坏了.,Failed,,,,,
我也喜欢蒙牛的牛奶,Succeed,0.0,0.2222,A,5.77,我也喜又欠蒙牛的牛奶
HP的品牌，质量应该算过的去，只是比较便宜，更有优势，买之前已经做了多方比较，最后选择的541，虽然花哨的东西少了些，但是都是比较实用有，算是比较强悍的U，2G的内存，独显，都中规中举的配置，,Succeed,1636.0,0.0526,AA,33.39,HP的品片卑，质量应恣算过的去，只是比较便宜，更有优势，买之前已经做了多方比较，最后选择的541，虽然花哨的东西少了些，但是都是比较实用有，算是比较强悍的U，2G的内存，独显，都中规中举的配置，
物品与图片不符，拍的是加绒，发的却不是加绒。哎，二货啊……,Failed,,,,,
发来的都是烂的，差评，建议不要购买,Succeed,547.0,0.2,DB,11.29,发来的都是的，cp，建议不要购买
质量不错，值得购买，就是有点酸。,Succeed,9.0,0.1538,A,5.93,质量不错，值得赔平，就是有点酸。
东西都没收到叫我评价 这不是骗人吗 真有意思,Failed,,,,,
就这拉链，根本拉不动，穿的时候生怕把自己小弟弟给夹了，叫我如何给好评,Succeed,3346.0,0.1935,BBA,312.48,捺这拉链，gēnběn拉不动，穿的时候生怕把自己xdd给夹了，叫我如何给好评
"""用过华为的手机，这款确实是华为的feel,应该是真的，也不用验啦！用着还不错，挺流畅的，也很清晰，虽然是两年前的产品，说真的很不错！""",Failed,,,,,
容易粘指纹，偏重了点，屏幕换12寸会更舒适，键盘左半部分有点不实，按下去会下凹。,Succeed,910.0,0.0909,AB,17.51,容易米占zhǐwén，偏重了点，屏幕换12寸会更舒适，键盘左半部分有点不实，按下去会下凹。
刚买就发现降价了，客服忽悠说收货后可以价格保护，后来却以无法价保为由拒绝，没信誉，差评！,Failed,,,,,
差评 现在什么券都领不到 差评,Failed,,,,,
质量非常的好！纯棉的，颜色也很棒。,Succeed,28.0,0.0714,C,5.72,质量非常的不好！纯棉的，颜色也很棒。
给儿子拍的艾派德，收到一段时间了，目前感觉还不错，物流很快，总之感觉还可以，好评！,Failed,,,,,
"""我5月四号下的定单,怎么现在都还没有到呢!还是普通快递呢!""",Succeed,215.0,0.16,BB,16.75,"""我5月四号下的定单,怎么现在都还没有到呢!还是pǔtōng快地呢!"""
屏幕很清晰，整机做工不错，特别的那些快捷键很人性化。 客服的服务态度不错，装驱动打了一次800电话。,Succeed,6.0,0.0488,C,6.2,屏幕很模糊，整机做工不错，特别的那些快捷键很人性化。 客服的服务态度不错，装驱动打了一次800电话。
颜色深的衣服掉色,Failed,,,,,
1.钢琴漆外表面就是指纹收集器，手随便动两下就惨不忍睹了； 2.外表面lenove的标不好看，Thinkpad的i上一点还能亮，对商务本来说有点恶搞； 3.显示器的显示有点惨白，色彩有些失真。,Failed,,,,,
房间太过老旧 设施也表较差 建议翻新 客房服务差,Failed,,,,,
不错(*?╰╯`?)?这个价位啥都别说了→_→给力,Succeed,0.0,0.1538,A,5.76,不金昔(*?╰╯`?)?这个价位啥都别说了→_→给力
个小，还这么多烂的，感觉买了一盒垃圾!,Succeed,47.0,0.25,AB,11.95,个小，还这么duōlàn的，感觉买了一盒土立土及!
与描述相差很大！客服很厉害，态度不是一般的差劲！,Failed,,,,,
抱歉，是想给五颗星，误给了一颗星。经典！,Succeed,47.0,0.25,AA,12.23,匏鹣，是想给五颗星，言吴丝合了一颗星。经典！
昨天下单，今天就降价了，居然还不能价格保护！你京东是穷疯了吗？一天就偷我80元,Failed,,,,,
差评，对老外格外照顾，对国人爱答不理。房间潮湿，霉味很重，前台客服更是不通情理，不推荐，从来没住过这么差的酒店,Failed,,,,,
1、26万色内屏显示效果一流；2、网络切换方式快捷方便；3、电话本功能齐全；4、外观成熟大方。,Succeed,6961.0,0.2424,BAA,134.71,1、26写旬内屏显示骇厘一流；2、网络切换方式快捷方便；3、电话本gnqq；4、外观成熟大方。
感觉比夏天去海边好，入住率比我想象要多一些，很安静,Succeed,1167.0,0.087,CA,13.79,感觉比夏天去海边坏，入住率比我想象要多一些，彳艮安静
物流超级快，昨晚下单今天上午就送到了，还没用，希望和超市的一样的好评,Succeed,78.0,0.1935,AA,17.61,物流趋圾快，昨晚下单令夭上矢就送到了，还没用，希望和超市的一样的好评
因为夜里回来的班机，才订的住一晚的。办理入住简直慢到不能忍，对团队入驻和老外入驻阿谀奉承，让散客等一刻钟以上！,Failed,,,,,
性价比还不错，流畅度还是没有苹果好,Succeed,23.0,0.125,A,5.74,性价比还不金昔，流畅度还是没有苹果好
都还不错买了三件，直接上图了,Succeed,9.0,0.1538,A,5.74,都还不错买了三忤，直接上图了
衣服非常舒适，也很透气，物流也快，感谢店家,Failed,,,,,
服务态度不好，我填的地址送不到，还叫我给快递花钱转邮政,Succeed,737.0,0.16,BA,16.25,服务态度补好，我填的地址送不剁，还叫我给快递花钱转邮政
不错，售后服务非常给力，一直相信京东,Failed,,,,,
所谓升职，过程中掺杂了太多的勾心斗角，我自己不喜欢这样的风格，纯属个人观点。,Succeed,70.0,0.1765,AB,17.47,所谓升职，过程中掺杂了太多的gōuxīndòujiǎo，我自己不喜欢这样的风格，丝屯属个人观点。
垃圾，裤子买回来一个月就破了个洞，当时过年在老家上网不方便没投诉，现在两个月来投诉，客服的意思是两个月破个洞很正常，垃圾店家,Failed,,,,,
