,Result,Query,Rate,Type,Time,Example
我一颗心都不想吃给 好奇怪的味道 马上就吐了 真的是太难吃了 一定要评价 你确定这个能吃？,Succeed,233.0,0.0769,AC,52.08,我一颗心都不想吃给 好奇怪的味道 马上就tǔ了 真的是太好吃了 一定要评价 你确定这个能吃？
不好，刚洗完一天就痒的很，怀疑是假的，以前用的不是这样的，最失败的一次购物,Failed,,,,,
该商家裤子质量很长不错，料子也很柔软，客服推荐的号也穿上非常合适，比想像中的效果要好太多，喜欢就下手吧?(??),Succeed,1479.0,0.0638,BB,50.93,该商家裤子质量很长不错，料子也很柔车欠，客服推荐的号也穿上非常合适，匕匕想像中的效果要好太多，喜欢就下手吧?(??)
必须差评，11月6号下的单，11月23号到家，本已取消订单，要求退款，快递竟还通知家人过去拿货，去到居然还不让拿，这是什么流程办事？？至今没收到退款，失望失望失望！！！,Failed,,,,,
床不舒服！被子盖着很痒，感觉上不干净,Succeed,42.0,0.125,AA,15.12,床bù舒服！被子盖着很yǎng，感觉上不干净
失望，贺顿这个人物蜕变_不可信，如果是我不会去找这种人做心理咨询。,Succeed,72.0,0.1379,AB,26.63,shīwàng，贺屯页这个人物蜕变_不可信，如果是我不会去找这种人做心理咨询。
今天气温38度，打开水果箱一股热气，个个都是暖手宝～～,Succeed,2.0,0.0952,B,5.99,惊天气温38度，打开水果箱一股热气，个个都是暖手宝～～
收到货后老公用了，说很不好用，和屈臣买的差很多，用完头上很多头屑，和油脂颗粒，我没有留以前的包装，如果京东自营也卖假货，以后就真的放弃京东了,Succeed,154.0,0.0476,CA,60.7,收到货后老公用了，说很bh用，和屈臣买的差很多，用回去头上很多头屑，和油脂颗粒，我没有留以前的包装，如果京东自营也卖假货，以后就真的放弃京东了
位置好，服务员热情，早餐不错，电梯也快。,Succeed,76.0,0.25,BB,14.18,位置好，服务员弑猎，旱葚不错，电梯也快。
我没有收到货呀！！！！！！！打电话叶没有人接听！！从来没有遇到过这样的事情！！！！想咨询下邮局货物发货单号也查不到！怎么回事？还全球最大的购书网，不可信任！！,Succeed,2713.0,0.0492,AB,61.53,w美油收到货呀！！！！！！！打电话叶没有人接听！！从来没有遇到过这样的事情！！！！想咨询下邮局货物发货单号也查不到！怎么回事？还全球最大的购书网，不可信任！！
